Name,HeadCount
10001.jpg,4
10002.jpg,4
10003.jpg,2
10004.jpg,3
10006.jpg,4
10007.jpg,4
10008.jpg,6
10010.jpg,7
10011.jpg,6
10012.jpg,8
10013.jpg,4
10014.jpg,7
10016.jpg,2
10017.jpg,3
10018.jpg,4
10019.jpg,2
10020.jpg,4
10021.jpg,3
10026.jpg,2
10027.jpg,6
10028.jpg,3
10031.jpg,4
10032.jpg,4
10034.jpg,4
10035.jpg,4
10038.jpg,7
10039.jpg,5
10040.jpg,4
10041.jpg,4
10042.jpg,4
10043.jpg,2
10045.jpg,8
10046.jpg,3
10049.jpg,4
10051.jpg,4
10054.jpg,11
10055.jpg,3
10059.jpg,2
10060.jpg,2
10061.jpg,2
10062.jpg,2
10063.jpg,2
10066.jpg,2
10067.jpg,1
10069.jpg,2
10070.jpg,3
10072.jpg,6
10073.jpg,3
10074.jpg,2
10075.jpg,2
10076.jpg,2
10078.jpg,3
10080.jpg,3
10081.jpg,3
10082.jpg,2
10083.jpg,5
10084.jpg,5
10086.jpg,2
10087.jpg,2
10088.jpg,2
10089.jpg,2
10090.jpg,6
10092.jpg,6
10093.jpg,3
10095.jpg,2
10097.jpg,1
10098.jpg,4
10100.jpg,3
10102.jpg,2
10103.jpg,2
10104.jpg,3
10106.jpg,9
10107.jpg,8
10110.jpg,6
10113.jpg,7
10114.jpg,6
10115.jpg,4
10116.jpg,4
10117.jpg,4
10118.jpg,7
10119.jpg,8
10120.jpg,4
10121.jpg,7
10122.jpg,2
10123.jpg,2
10124.jpg,4
10125.jpg,5
10126.jpg,6
10130.jpg,6
10131.jpg,6
10133.jpg,3
10134.jpg,2
10136.jpg,4
10138.jpg,7
10141.jpg,8
10142.jpg,4
10143.jpg,2
10144.jpg,2
10145.jpg,2
10147.jpg,5
10148.jpg,2
10149.jpg,4
10150.jpg,2
10153.jpg,3
10154.jpg,4
10155.jpg,2
10158.jpg,7
10159.jpg,10
10160.jpg,5
10161.jpg,8
10162.jpg,4
10168.jpg,4
10169.jpg,3
10170.jpg,7
10171.jpg,7
10173.jpg,5
10174.jpg,4
10175.jpg,2
10176.jpg,2
10177.jpg,8
10179.jpg,4
10180.jpg,2
10183.jpg,5
10184.jpg,21
10185.jpg,6
10186.jpg,2
10187.jpg,2
10189.jpg,6
10192.jpg,3
10193.jpg,2
10194.jpg,5
10198.jpg,9
10199.jpg,2
10200.jpg,3
10203.jpg,2
10204.jpg,2
10205.jpg,2
10206.jpg,4
10207.jpg,3
10208.jpg,9
10209.jpg,5
10211.jpg,6
10213.jpg,2
10216.jpg,5
10217.jpg,7
10218.jpg,8
10219.jpg,6
10221.jpg,6
10222.jpg,7
10223.jpg,5
10226.jpg,4
10228.jpg,2
10229.jpg,2
10230.jpg,2
10231.jpg,2
10232.jpg,2
10234.jpg,2
10236.jpg,4
10237.jpg,2
10239.jpg,3
10240.jpg,3
10242.jpg,3
10244.jpg,2
10245.jpg,2
10246.jpg,4
10247.jpg,4
10248.jpg,2
10249.jpg,4
10250.jpg,2
10252.jpg,2
10254.jpg,2
10255.jpg,2
10257.jpg,13
10258.jpg,4
10259.jpg,2
10260.jpg,2
10262.jpg,2
10264.jpg,5
10267.jpg,4
10268.jpg,4
10269.jpg,4
10270.jpg,3
10271.jpg,3
10273.jpg,5
10276.jpg,6
10277.jpg,9
10279.jpg,2
10280.jpg,2
10282.jpg,2
10284.jpg,2
10285.jpg,2
10286.jpg,2
10287.jpg,2
10288.jpg,3
10289.jpg,3
10290.jpg,14
10294.jpg,7
10299.jpg,10
10300.jpg,5
10301.jpg,3
10302.jpg,4
10303.jpg,3
10304.jpg,4
10306.jpg,2
10307.jpg,6
10308.jpg,5
10311.jpg,2
10312.jpg,4
10313.jpg,8
10315.jpg,3
10317.jpg,3
10319.jpg,6
10320.jpg,15
10321.jpg,5
10322.jpg,2
10323.jpg,4
10325.jpg,3
10326.jpg,4
10327.jpg,8
10329.jpg,4
10333.jpg,5
10334.jpg,6
10335.jpg,6
10336.jpg,7
10337.jpg,2
10338.jpg,5
10341.jpg,3
10342.jpg,6
10343.jpg,4
10345.jpg,3
10348.jpg,3
10349.jpg,4
10350.jpg,3
10351.jpg,3
10353.jpg,4
10354.jpg,6
10355.jpg,4
10357.jpg,4
10359.jpg,4
10360.jpg,6
10361.jpg,8
10362.jpg,5
10364.jpg,4
10365.jpg,5
10368.jpg,3
10369.jpg,3
10370.jpg,4
10371.jpg,4
10373.jpg,4
10374.jpg,5
10376.jpg,4
10377.jpg,3
10380.jpg,4
10382.jpg,5
10383.jpg,2
10384.jpg,3
10385.jpg,3
10387.jpg,3
10388.jpg,3
10394.jpg,3
10395.jpg,3
10396.jpg,5
10397.jpg,3
10398.jpg,3
10399.jpg,4
10400.jpg,5
10401.jpg,4
10403.jpg,3
10405.jpg,3
10406.jpg,6
10407.jpg,3
10408.jpg,4
10411.jpg,4
10413.jpg,4
10415.jpg,4
10417.jpg,3
10418.jpg,3
10419.jpg,3
10420.jpg,4
10421.jpg,4
10423.jpg,7
10424.jpg,5
10425.jpg,5
10426.jpg,5
10427.jpg,4
10429.jpg,5
10430.jpg,6
10431.jpg,3
10433.jpg,3
10435.jpg,3
10436.jpg,3
10437.jpg,3
10439.jpg,8
10441.jpg,8
10442.jpg,8
10443.jpg,5
10445.jpg,4
10446.jpg,3
10447.jpg,3
10448.jpg,3
10449.jpg,3
10451.jpg,3
10452.jpg,3
10453.jpg,3
10455.jpg,3
10456.jpg,4
10457.jpg,4
10458.jpg,3
10461.jpg,4
10462.jpg,3
10463.jpg,6
10464.jpg,4
10465.jpg,4
10467.jpg,3
10469.jpg,6
10470.jpg,4
10471.jpg,4
10472.jpg,4
10473.jpg,4
10474.jpg,4
10475.jpg,3
10476.jpg,4
10477.jpg,4
10478.jpg,2
10480.jpg,3
10481.jpg,3
10482.jpg,3
10484.jpg,3
10485.jpg,3
10486.jpg,4
10487.jpg,4
10489.jpg,4
10490.jpg,3
10491.jpg,3
10492.jpg,3
10493.jpg,5
10496.jpg,4
10497.jpg,4
10499.jpg,4
10502.jpg,5
10503.jpg,11
10504.jpg,14
10505.jpg,17
10506.jpg,10
10507.jpg,5
10509.jpg,2
10510.jpg,2
10511.jpg,2
10512.jpg,4
10514.jpg,2
10516.jpg,2
10517.jpg,2
10518.jpg,2
10519.jpg,2
10520.jpg,2
10521.jpg,2
10524.jpg,3
10525.jpg,3
10528.jpg,2
10530.jpg,2
10531.jpg,2
10532.jpg,3
10533.jpg,2
10536.jpg,3
10538.jpg,2
10539.jpg,2
10540.jpg,3
10541.jpg,2
10542.jpg,2
10546.jpg,3
10547.jpg,2
10548.jpg,2
10550.jpg,3
10552.jpg,4
10553.jpg,7
10555.jpg,2
10556.jpg,2
10557.jpg,2
10558.jpg,3
10559.jpg,4
10561.jpg,2
10562.jpg,2
10564.jpg,2
10565.jpg,6
10566.jpg,3
10568.jpg,2
10569.jpg,2
10570.jpg,4
10571.jpg,3
10572.jpg,3
10573.jpg,4
10574.jpg,9
10575.jpg,3
10576.jpg,2
10577.jpg,12
10579.jpg,7
10580.jpg,5
10581.jpg,2
10583.jpg,4
10584.jpg,4
10585.jpg,3
10586.jpg,5
10587.jpg,5
10588.jpg,3
10592.jpg,3
10593.jpg,4
10594.jpg,4
10595.jpg,4
10596.jpg,4
10597.jpg,4
10598.jpg,4
10599.jpg,4
10600.jpg,4
10601.jpg,4
10602.jpg,4
10604.jpg,4
10605.jpg,2
10606.jpg,1
10609.jpg,4
10610.jpg,4
10611.jpg,4
10613.jpg,3
10614.jpg,2
10615.jpg,1
10617.jpg,6
10618.jpg,3
10622.jpg,6
10623.jpg,6
10624.jpg,6
10626.jpg,2
10627.jpg,20
10629.jpg,7
10630.jpg,5
10631.jpg,5
10633.jpg,4
10635.jpg,2
10636.jpg,8
10637.jpg,4
10638.jpg,4
10640.jpg,3
10641.jpg,4
10642.jpg,3
10643.jpg,5
10644.jpg,3
10647.jpg,2
10648.jpg,2
10649.jpg,4
10651.jpg,5
10652.jpg,5
10653.jpg,4
10655.jpg,5
10657.jpg,5
10658.jpg,5
10659.jpg,6
10664.jpg,5
10666.jpg,5
10667.jpg,5
10668.jpg,5
10669.jpg,4
10670.jpg,5
10671.jpg,6
10672.jpg,6
10673.jpg,5
10674.jpg,5
10675.jpg,5
10677.jpg,2
10679.jpg,5
10680.jpg,3
10681.jpg,5
10682.jpg,3
10683.jpg,4
10684.jpg,11
10685.jpg,9
10686.jpg,3
10687.jpg,6
10688.jpg,2
10690.jpg,2
10691.jpg,2
10693.jpg,2
10694.jpg,4
10695.jpg,3
10698.jpg,4
10699.jpg,3
10700.jpg,6
10701.jpg,4
10702.jpg,5
10704.jpg,5
10705.jpg,2
10706.jpg,4
10707.jpg,4
10708.jpg,5
10709.jpg,4
10710.jpg,3
10712.jpg,6
10713.jpg,3
10715.jpg,4
10716.jpg,2
10717.jpg,4
10718.jpg,5
10719.jpg,5
10720.jpg,4
10722.jpg,5
10724.jpg,6
10725.jpg,4
10726.jpg,5
10727.jpg,5
10729.jpg,4
10732.jpg,4
10733.jpg,10
10734.jpg,4
10735.jpg,10
10737.jpg,5
10738.jpg,3
10739.jpg,4
10740.jpg,3
10741.jpg,3
10743.jpg,10
10745.jpg,10
10746.jpg,5
10747.jpg,3
10753.jpg,8
10754.jpg,4
10755.jpg,3
10756.jpg,6
10758.jpg,4
10759.jpg,4
10762.jpg,3
10767.jpg,4
10769.jpg,5
10770.jpg,5
10771.jpg,5
10772.jpg,4
10773.jpg,5
10774.jpg,2
10775.jpg,3
10776.jpg,4
10778.jpg,6
10779.jpg,2
10780.jpg,3
10783.jpg,3
10784.jpg,6
10785.jpg,6
10786.jpg,6
10790.jpg,3
10791.jpg,10
10792.jpg,3
10794.jpg,5
10796.jpg,9
10797.jpg,3
10798.jpg,8
10799.jpg,3
10801.jpg,4
10802.jpg,3
10803.jpg,5
10804.jpg,6
10806.jpg,4
10807.jpg,4
10808.jpg,4
10809.jpg,3
10810.jpg,3
10812.jpg,2
10814.jpg,6
10815.jpg,2
10817.jpg,4
10821.jpg,5
10823.jpg,4
10824.jpg,3
10826.jpg,4
10827.jpg,5
10829.jpg,5
10832.jpg,5
10835.jpg,5
10836.jpg,3
10838.jpg,5
10839.jpg,5
10840.jpg,4
10841.jpg,4
10842.jpg,9
10846.jpg,4
10847.jpg,4
10848.jpg,2
10849.jpg,4
10850.jpg,3
10852.jpg,5
10853.jpg,3
10854.jpg,4
10855.jpg,3
10856.jpg,5
10857.jpg,4
10859.jpg,4
10861.jpg,5
10862.jpg,4
10863.jpg,2
10865.jpg,4
10866.jpg,3
10867.jpg,7
10868.jpg,4
10870.jpg,4
10871.jpg,3
10872.jpg,4
10874.jpg,2
10876.jpg,4
10877.jpg,6
10878.jpg,4
10879.jpg,6
10880.jpg,8
10881.jpg,10
10883.jpg,8
10886.jpg,6
10887.jpg,3
10893.jpg,6
10894.jpg,5
10895.jpg,5
10897.jpg,9
10898.jpg,3
10900.jpg,7
10904.jpg,8
10905.jpg,4
10906.jpg,3
10907.jpg,3
10908.jpg,3
10909.jpg,3
10910.jpg,3
10914.jpg,2
10916.jpg,2
10917.jpg,2
10918.jpg,4
10923.jpg,4
10924.jpg,9
10927.jpg,2
10929.jpg,3
10930.jpg,3
10931.jpg,3
10932.jpg,3
10934.jpg,3
10936.jpg,4
10937.jpg,4
10940.jpg,4
10941.jpg,5
10942.jpg,2
10943.jpg,2
10944.jpg,5
10945.jpg,3
10946.jpg,3
10947.jpg,9
10948.jpg,3
10950.jpg,3
10952.jpg,7
10954.jpg,1
10955.jpg,4
10957.jpg,3
10960.jpg,5
10961.jpg,8
10962.jpg,3
10963.jpg,4
10965.jpg,3
10967.jpg,3
10968.jpg,6
10969.jpg,8
10971.jpg,2
10973.jpg,2
10974.jpg,3
10975.jpg,2
10976.jpg,2
10977.jpg,3
10978.jpg,3
10979.jpg,3
10980.jpg,4
10981.jpg,7
10982.jpg,3
10984.jpg,3
10986.jpg,6
10987.jpg,11
10988.jpg,6
10989.jpg,7
10991.jpg,10
10992.jpg,5
10993.jpg,8
10997.jpg,7
10998.jpg,5
10999.jpg,5
11000.jpg,5
11001.jpg,3
11002.jpg,3
11003.jpg,3
11004.jpg,3
11005.jpg,3
11006.jpg,3
11007.jpg,3
11008.jpg,5
11009.jpg,5
11010.jpg,3
11012.jpg,5
11013.jpg,3
11014.jpg,5
11015.jpg,5
11017.jpg,4
11020.jpg,3
11022.jpg,4
11029.jpg,4
11030.jpg,7
11031.jpg,5
11032.jpg,5
11034.jpg,6
11035.jpg,6
11036.jpg,5
11037.jpg,5
11038.jpg,5
11040.jpg,5
11042.jpg,4
11043.jpg,4
11044.jpg,6
11045.jpg,5
11046.jpg,3
11047.jpg,4
11048.jpg,5
11051.jpg,5
11052.jpg,4
11054.jpg,4
11055.jpg,4
11057.jpg,4
11059.jpg,4
11060.jpg,6
11061.jpg,6
11062.jpg,5
11063.jpg,5
11064.jpg,4
11065.jpg,3
11066.jpg,4
11069.jpg,11
11070.jpg,8
11071.jpg,3
11073.jpg,3
11074.jpg,4
11075.jpg,4
11076.jpg,7
11077.jpg,8
11078.jpg,8
11079.jpg,4
11083.jpg,7
11084.jpg,5
11085.jpg,8
11086.jpg,5
11087.jpg,4
11088.jpg,6
11090.jpg,7
11091.jpg,9
11092.jpg,5
11093.jpg,6
11095.jpg,5
11097.jpg,7
11098.jpg,2
11099.jpg,5
11100.jpg,6
11101.jpg,3
11104.jpg,3
11105.jpg,5
11108.jpg,6
11110.jpg,4
11111.jpg,4
11112.jpg,3
11113.jpg,7
11114.jpg,5
11119.jpg,12
11120.jpg,4
11121.jpg,4
11123.jpg,6
11125.jpg,4
11127.jpg,6
11129.jpg,11
11130.jpg,4
11132.jpg,4
11133.jpg,4
11135.jpg,5
11136.jpg,4
11137.jpg,5
11139.jpg,3
11142.jpg,6
11143.jpg,3
11144.jpg,5
11145.jpg,4
11146.jpg,5
11147.jpg,5
11148.jpg,5
11149.jpg,6
11151.jpg,4
11154.jpg,5
11155.jpg,5
11156.jpg,4
11157.jpg,7
11159.jpg,11
11160.jpg,5
11161.jpg,4
11162.jpg,6
11163.jpg,3
11165.jpg,3
11166.jpg,5
11169.jpg,5
11170.jpg,7
11171.jpg,5
11172.jpg,5
11173.jpg,5
11174.jpg,5
11175.jpg,4
11176.jpg,4
11177.jpg,5
11178.jpg,5
11179.jpg,3
11180.jpg,3
11182.jpg,3
11183.jpg,3
11184.jpg,4
11186.jpg,2
11187.jpg,2
11189.jpg,9
11191.jpg,2
11194.jpg,2
11195.jpg,2
11196.jpg,6
11197.jpg,6
11199.jpg,8
11200.jpg,4
11202.jpg,4
11203.jpg,4
11204.jpg,5
11205.jpg,5
11206.jpg,2
11210.jpg,4
11211.jpg,4
11212.jpg,4
11213.jpg,4
11214.jpg,5
11215.jpg,7
11218.jpg,3
11221.jpg,5
11223.jpg,2
11225.jpg,2
11226.jpg,8
11231.jpg,4
11233.jpg,4
11234.jpg,16
11235.jpg,5
11236.jpg,3
11237.jpg,3
11238.jpg,12
11241.jpg,5
11242.jpg,3
11243.jpg,4
11244.jpg,3
11245.jpg,5
11246.jpg,5
11247.jpg,3
11252.jpg,3
11254.jpg,3
11257.jpg,5
11258.jpg,2
11260.jpg,2
11262.jpg,2
11263.jpg,2
11264.jpg,4
11265.jpg,2
11266.jpg,5
11269.jpg,2
11272.jpg,4
11273.jpg,12
11274.jpg,3
11275.jpg,3
11276.jpg,2
11277.jpg,2
11278.jpg,2
11279.jpg,3
11280.jpg,2
11282.jpg,7
11283.jpg,6
11284.jpg,3
11287.jpg,2
11288.jpg,2
11289.jpg,2
11292.jpg,11
11293.jpg,2
11296.jpg,4
11297.jpg,3
11298.jpg,5
11299.jpg,12
11300.jpg,4
11301.jpg,5
11302.jpg,2
11304.jpg,2
11306.jpg,3
11307.jpg,3
11308.jpg,6
11309.jpg,7
11310.jpg,6
11311.jpg,7
11312.jpg,6
11313.jpg,6
11315.jpg,3
11316.jpg,3
11317.jpg,3
11318.jpg,3
11319.jpg,4
11320.jpg,6
11321.jpg,4
11322.jpg,2
11323.jpg,3
11324.jpg,1
11326.jpg,2
11327.jpg,4
11329.jpg,5
11330.jpg,4
11331.jpg,2
11332.jpg,5
11333.jpg,2
11334.jpg,4
11335.jpg,6
11336.jpg,4
11337.jpg,6
11338.jpg,6
11340.jpg,2
11341.jpg,2
11342.jpg,6
11343.jpg,4
11344.jpg,6
11346.jpg,6
11347.jpg,6
11348.jpg,4
11349.jpg,3
11350.jpg,6
11351.jpg,11
11352.jpg,2
11355.jpg,5
11356.jpg,2
11357.jpg,3
11359.jpg,3
11360.jpg,3
11361.jpg,3
11362.jpg,1
11363.jpg,5
11365.jpg,4
11366.jpg,7
11367.jpg,2
11368.jpg,5
11369.jpg,4
11370.jpg,4
11371.jpg,4
11372.jpg,4
11375.jpg,3
11376.jpg,7
11379.jpg,8
11380.jpg,6
11382.jpg,4
11387.jpg,5
11388.jpg,3
11389.jpg,3
11391.jpg,3
11392.jpg,3
11393.jpg,3
11395.jpg,2
11396.jpg,4
11397.jpg,4
11399.jpg,11
11400.jpg,4
11402.jpg,3
11403.jpg,4
11404.jpg,4
11405.jpg,3
11406.jpg,4
11407.jpg,2
11408.jpg,3
11412.jpg,2
11413.jpg,2
11415.jpg,3
11416.jpg,3
11417.jpg,3
11418.jpg,4
11419.jpg,4
11422.jpg,6
11423.jpg,2
11425.jpg,3
11426.jpg,3
11427.jpg,3
11428.jpg,2
11429.jpg,4
11430.jpg,3
11431.jpg,4
11432.jpg,3
11433.jpg,3
11434.jpg,6
11435.jpg,2
11436.jpg,5
11437.jpg,5
11439.jpg,5
11440.jpg,3
11442.jpg,2
11443.jpg,3
11444.jpg,3
11445.jpg,3
11446.jpg,6
11448.jpg,3
11449.jpg,9
11452.jpg,6
11453.jpg,6
11454.jpg,5
11457.jpg,4
11458.jpg,2
11459.jpg,3
11460.jpg,2
11465.jpg,3
11466.jpg,5
11467.jpg,2
11468.jpg,2
11469.jpg,4
11471.jpg,2
11472.jpg,2
11475.jpg,5
11476.jpg,6
11477.jpg,5
11479.jpg,3
11480.jpg,3
11482.jpg,2
11483.jpg,7
11484.jpg,7
11485.jpg,3
11486.jpg,5
11487.jpg,4
11488.jpg,3
11489.jpg,3
11491.jpg,2
11492.jpg,2
11493.jpg,3
11494.jpg,6
11496.jpg,4
11499.jpg,2
11500.jpg,3
11502.jpg,2
11503.jpg,5
11504.jpg,2
11505.jpg,3
11507.jpg,3
11508.jpg,17
11509.jpg,7
11511.jpg,3
11512.jpg,2
11513.jpg,2
11514.jpg,2
11515.jpg,4
11517.jpg,2
11518.jpg,2
11519.jpg,2
11520.jpg,2
11521.jpg,2
11522.jpg,2
11523.jpg,2
11525.jpg,3
11526.jpg,6
11528.jpg,2
11530.jpg,2
11531.jpg,2
11532.jpg,4
11533.jpg,3
11534.jpg,3
11535.jpg,4
11538.jpg,2
11540.jpg,2
11542.jpg,2
11544.jpg,2
11546.jpg,2
11547.jpg,2
11549.jpg,2
11551.jpg,2
11552.jpg,2
11553.jpg,2
11554.jpg,2
11555.jpg,2
11556.jpg,2
11557.jpg,2
11558.jpg,4
11559.jpg,4
11561.jpg,2
11562.jpg,2
11564.jpg,2
11565.jpg,2
11567.jpg,2
11569.jpg,4
11570.jpg,4
11572.jpg,2
11574.jpg,2
11575.jpg,3
11576.jpg,4
11578.jpg,4
11579.jpg,3
11581.jpg,4
11582.jpg,8
11583.jpg,6
11584.jpg,6
11586.jpg,2
11587.jpg,3
11588.jpg,6
11591.jpg,5
11592.jpg,5
11594.jpg,5
11595.jpg,3
11596.jpg,5
11598.jpg,3
11600.jpg,7
11602.jpg,6
11603.jpg,5
11604.jpg,6
11605.jpg,4
11606.jpg,5
11607.jpg,2
11608.jpg,2
11610.jpg,4
11612.jpg,2
11613.jpg,2
11614.jpg,2
11615.jpg,3
11616.jpg,5
11617.jpg,3
11618.jpg,7
11619.jpg,2
11620.jpg,5
11621.jpg,5
11622.jpg,4
11623.jpg,5
11624.jpg,5
11625.jpg,3
11628.jpg,4
11630.jpg,6
11631.jpg,3
11632.jpg,2
11633.jpg,3
11635.jpg,4
11636.jpg,6
11637.jpg,5
11638.jpg,3
11639.jpg,3
11640.jpg,8
11641.jpg,8
11643.jpg,3
11644.jpg,4
11645.jpg,3
11646.jpg,2
11647.jpg,6
11649.jpg,5
11651.jpg,7
11652.jpg,4
11653.jpg,2
11654.jpg,4
11655.jpg,2
11656.jpg,2
11661.jpg,4
11662.jpg,6
11663.jpg,6
11664.jpg,6
11665.jpg,6
11667.jpg,5
11668.jpg,4
11671.jpg,2
11672.jpg,5
11673.jpg,3
11674.jpg,3
11675.jpg,5
11676.jpg,8
11677.jpg,6
11678.jpg,5
11679.jpg,5
11681.jpg,5
11682.jpg,4
11684.jpg,4
11685.jpg,5
11686.jpg,5
11687.jpg,5
11688.jpg,5
11689.jpg,5
11690.jpg,12
11691.jpg,18
11692.jpg,20
11693.jpg,5
11696.jpg,10
11697.jpg,5
11699.jpg,4
11700.jpg,9
11702.jpg,4
11703.jpg,4
11704.jpg,4
11707.jpg,3
11708.jpg,3
11709.jpg,4
11710.jpg,4
11712.jpg,3
11713.jpg,3
11714.jpg,3
11716.jpg,2
11717.jpg,2
11718.jpg,3
11721.jpg,2
11722.jpg,6
11723.jpg,4
11724.jpg,4
11725.jpg,4
11726.jpg,4
11727.jpg,4
11728.jpg,4
11729.jpg,4
11732.jpg,4
11733.jpg,3
11734.jpg,4
11736.jpg,5
11738.jpg,13
11739.jpg,4
11740.jpg,2
11741.jpg,2
11745.jpg,4
11746.jpg,4
11748.jpg,7
11749.jpg,4
11750.jpg,3
11751.jpg,6
11754.jpg,2
11755.jpg,3
11756.jpg,5
11758.jpg,4
11759.jpg,3
11760.jpg,5
11761.jpg,2
11763.jpg,2
11764.jpg,3
11765.jpg,4
11766.jpg,9
11768.jpg,4
11769.jpg,2
11772.jpg,5
11774.jpg,4
11775.jpg,11
11776.jpg,2
11777.jpg,3
11779.jpg,3
11780.jpg,5
11781.jpg,1
11782.jpg,6
11783.jpg,2
11784.jpg,10
11786.jpg,3
11787.jpg,3
11788.jpg,5
11789.jpg,4
11793.jpg,6
11795.jpg,3
11796.jpg,5
11798.jpg,5
11799.jpg,4
11800.jpg,4
11802.jpg,5
11803.jpg,6
11804.jpg,4
11805.jpg,6
11806.jpg,2
11807.jpg,3
11808.jpg,2
11809.jpg,3
11810.jpg,1
11811.jpg,1
11812.jpg,1
11813.jpg,2
11814.jpg,2
11815.jpg,2
11816.jpg,3
11817.jpg,3
11818.jpg,4
11820.jpg,6
11821.jpg,7
11822.jpg,3
11824.jpg,2
11825.jpg,2
11827.jpg,2
11830.jpg,3
11832.jpg,3
11833.jpg,4
11835.jpg,3
11840.jpg,3
11841.jpg,5
11844.jpg,5
11845.jpg,5
11851.jpg,5
11854.jpg,8
11855.jpg,3
11856.jpg,3
11858.jpg,3
11860.jpg,8
11861.jpg,3
11862.jpg,3
11863.jpg,2
11864.jpg,2
11865.jpg,2
11866.jpg,2
11867.jpg,2
11868.jpg,2
11870.jpg,4
11871.jpg,2
11872.jpg,8
11873.jpg,2
11875.jpg,3
11877.jpg,5
11878.jpg,2
11879.jpg,1
11883.jpg,2
11884.jpg,6
11885.jpg,3
11887.jpg,5
11889.jpg,2
11891.jpg,2
11894.jpg,3
11895.jpg,5
11896.jpg,5
11897.jpg,2
11900.jpg,3
11904.jpg,3
11905.jpg,4
11906.jpg,2
11907.jpg,2
11908.jpg,4
11909.jpg,4
11911.jpg,2
11912.jpg,1
11913.jpg,13
11914.jpg,6
11915.jpg,3
11919.jpg,6
11921.jpg,5
11922.jpg,5
11923.jpg,5
11925.jpg,2
11927.jpg,3
11929.jpg,6
11930.jpg,3
11932.jpg,5
11933.jpg,3
11935.jpg,4
11937.jpg,4
11938.jpg,4
11939.jpg,2
11940.jpg,5
11943.jpg,3
11944.jpg,8
11945.jpg,3
11946.jpg,6
11947.jpg,8
11948.jpg,3
11949.jpg,2
11950.jpg,2
11951.jpg,2
11952.jpg,5
11953.jpg,3
11954.jpg,2
11955.jpg,2
11956.jpg,2
11957.jpg,6
11958.jpg,4
11960.jpg,2
11961.jpg,1
11962.jpg,5
11963.jpg,1
11964.jpg,3
11965.jpg,4
11967.jpg,6
11970.jpg,2
11972.jpg,2
11973.jpg,2
11975.jpg,6
11976.jpg,7
11977.jpg,7
11978.jpg,3
11979.jpg,5
11981.jpg,4
11982.jpg,4
11983.jpg,2
11985.jpg,5
11990.jpg,11
11991.jpg,3
11992.jpg,2
11994.jpg,2
11995.jpg,2
11996.jpg,2
11997.jpg,3
11998.jpg,6
11999.jpg,3
12001.jpg,4
12002.jpg,2
12003.jpg,4
12006.jpg,4
12007.jpg,6
12008.jpg,5
12009.jpg,4
12011.jpg,4
12012.jpg,4
12015.jpg,6
12018.jpg,2
12019.jpg,3
12021.jpg,8
12022.jpg,4
12027.jpg,4
12028.jpg,4
12029.jpg,5
12030.jpg,3
12035.jpg,3
12037.jpg,3
12040.jpg,5
12041.jpg,6
12042.jpg,8
12044.jpg,3
12045.jpg,3
12047.jpg,2
12048.jpg,2
12050.jpg,6
12051.jpg,5
12053.jpg,2
12055.jpg,2
12056.jpg,3
12057.jpg,4
12058.jpg,4
12059.jpg,3
12060.jpg,5
12061.jpg,3
12064.jpg,3
12065.jpg,8
12066.jpg,5
12069.jpg,5
12070.jpg,4
12072.jpg,4
12073.jpg,3
12074.jpg,2
12075.jpg,5
12076.jpg,3
12077.jpg,4
12078.jpg,5
12079.jpg,5
12080.jpg,5
12081.jpg,4
12082.jpg,4
12084.jpg,3
12085.jpg,2
12086.jpg,4
12087.jpg,3
12088.jpg,3
12089.jpg,4
12090.jpg,5
12091.jpg,5
12092.jpg,9
12093.jpg,5
12095.jpg,2
12096.jpg,2
12097.jpg,2
12099.jpg,3
12100.jpg,8
12101.jpg,8
12103.jpg,8
12107.jpg,5
12108.jpg,4
12109.jpg,2
12112.jpg,3
12113.jpg,3
12114.jpg,5
12116.jpg,9
12118.jpg,4
12121.jpg,2
12123.jpg,4
12126.jpg,3
12128.jpg,3
12130.jpg,6
12131.jpg,5
12132.jpg,4
12133.jpg,4
12134.jpg,4
12135.jpg,4
12139.jpg,8
12140.jpg,3
12141.jpg,6
12143.jpg,4
12144.jpg,4
12146.jpg,2
12147.jpg,5
12149.jpg,2
12150.jpg,4
12151.jpg,4
12152.jpg,8
12153.jpg,2
12154.jpg,3
12155.jpg,6
12156.jpg,5
12157.jpg,3
12159.jpg,2
12160.jpg,2
12163.jpg,3
12165.jpg,5
12167.jpg,5
12168.jpg,7
12169.jpg,5
12170.jpg,6
12171.jpg,5
12172.jpg,4
12173.jpg,6
12174.jpg,5
12175.jpg,4
12178.jpg,6
12181.jpg,2
12182.jpg,7
12184.jpg,3
12185.jpg,3
12187.jpg,3
12191.jpg,3
12195.jpg,5
12197.jpg,6
12198.jpg,5
12199.jpg,3
12200.jpg,6
12201.jpg,9
12202.jpg,3
12203.jpg,4
12204.jpg,5
12205.jpg,2
12206.jpg,4
12207.jpg,6
12208.jpg,5
12211.jpg,4
12212.jpg,6
12213.jpg,5
12215.jpg,5
12216.jpg,4
12219.jpg,3
12220.jpg,4
12221.jpg,6
12222.jpg,11
12223.jpg,5
12225.jpg,4
12226.jpg,8
12227.jpg,5
12228.jpg,6
12229.jpg,3
12231.jpg,4
12232.jpg,3
12233.jpg,5
12237.jpg,5
12239.jpg,4
12242.jpg,3
12243.jpg,3
12244.jpg,3
12246.jpg,3
12247.jpg,3
12248.jpg,3
12249.jpg,3
12250.jpg,3
12252.jpg,3
12253.jpg,3
12254.jpg,6
12256.jpg,3
12257.jpg,3
12258.jpg,5
12261.jpg,6
12262.jpg,3
12263.jpg,3
12265.jpg,3
12267.jpg,3
12269.jpg,3
12271.jpg,3
12272.jpg,3
12274.jpg,3
12275.jpg,3
12276.jpg,3
12277.jpg,3
12279.jpg,3
12280.jpg,3
12281.jpg,3
12282.jpg,3
12283.jpg,3
12285.jpg,3
12287.jpg,3
12288.jpg,3
12289.jpg,3
12290.jpg,3
12291.jpg,3
12293.jpg,3
12295.jpg,3
12297.jpg,3
12298.jpg,3
12299.jpg,3
12300.jpg,3
12301.jpg,5
12303.jpg,6
12304.jpg,3
12306.jpg,3
12307.jpg,3
12308.jpg,3
12309.jpg,3
12310.jpg,4
12311.jpg,3
12313.jpg,3
12314.jpg,5
12315.jpg,4
12317.jpg,2
12319.jpg,5
12320.jpg,3
12321.jpg,3
12324.jpg,4
12325.jpg,2
12326.jpg,3
12329.jpg,3
12332.jpg,4
12335.jpg,4
12336.jpg,8
12337.jpg,8
12338.jpg,2
12340.jpg,4
12341.jpg,2
12342.jpg,2
12344.jpg,2
12345.jpg,2
12346.jpg,2
12347.jpg,2
12348.jpg,4
12349.jpg,4
12350.jpg,4
12351.jpg,6
12352.jpg,4
12353.jpg,2
12354.jpg,5
12356.jpg,2
12358.jpg,2
12359.jpg,2
12360.jpg,2
12362.jpg,2
12364.jpg,2
12366.jpg,4
12367.jpg,2
12368.jpg,2
12370.jpg,2
12371.jpg,2
12372.jpg,2
12373.jpg,2
12374.jpg,4
12375.jpg,2
12378.jpg,3
12379.jpg,4
12380.jpg,2
12381.jpg,2
12382.jpg,2
12383.jpg,3
12385.jpg,2
12386.jpg,2
12387.jpg,2
12390.jpg,2
12391.jpg,2
12392.jpg,2
12394.jpg,2
12396.jpg,2
12397.jpg,2
12398.jpg,2
12399.jpg,2
12401.jpg,2
12402.jpg,2
12403.jpg,4
12405.jpg,2
12407.jpg,2
12408.jpg,3
12409.jpg,3
12410.jpg,2
12412.jpg,4
12413.jpg,3
12414.jpg,4
12416.jpg,4
12417.jpg,4
12418.jpg,2
12419.jpg,3
12420.jpg,3
12421.jpg,2
12422.jpg,5
12423.jpg,3
12424.jpg,5
12425.jpg,5
12426.jpg,6
12427.jpg,5
12429.jpg,3
12431.jpg,2
12432.jpg,4
12433.jpg,2
12435.jpg,5
12436.jpg,6
12437.jpg,4
12438.jpg,10
12439.jpg,5
12441.jpg,5
12444.jpg,3
12447.jpg,10
12448.jpg,5
12449.jpg,2
12450.jpg,6
12451.jpg,5
12452.jpg,2
12453.jpg,3
12454.jpg,6
12457.jpg,8
12458.jpg,7
12459.jpg,7
12460.jpg,8
12461.jpg,7
12463.jpg,7
12464.jpg,3
12467.jpg,5
12468.jpg,2
12470.jpg,3
12471.jpg,2
12473.jpg,3
12474.jpg,2
12476.jpg,2
12477.jpg,3
12478.jpg,6
12479.jpg,3
12480.jpg,2
12481.jpg,2
12483.jpg,7
12484.jpg,3
12485.jpg,4
12486.jpg,2
12487.jpg,3
12490.jpg,4
12491.jpg,3
12492.jpg,2
12493.jpg,2
12494.jpg,2
12496.jpg,2
12497.jpg,2
12498.jpg,2
12499.jpg,2
12500.jpg,3
12501.jpg,3
12502.jpg,4
12504.jpg,2
12505.jpg,4
12506.jpg,5
12507.jpg,7
12508.jpg,1
12511.jpg,5
12512.jpg,4
12513.jpg,3
12515.jpg,2
12517.jpg,5
12518.jpg,3
12519.jpg,5
12520.jpg,3
12521.jpg,5
12522.jpg,3
12523.jpg,2
12524.jpg,2
12525.jpg,4
12528.jpg,2
12529.jpg,4
12530.jpg,2
12531.jpg,2
12532.jpg,2
12533.jpg,4
12534.jpg,2
12536.jpg,2
12537.jpg,2
12538.jpg,2
12542.jpg,2
12543.jpg,3
12544.jpg,3
12545.jpg,3
12546.jpg,3
12549.jpg,3
12551.jpg,3
12552.jpg,1
12554.jpg,3
12557.jpg,4
12558.jpg,3
12560.jpg,5
12561.jpg,3
12562.jpg,3
12563.jpg,3
12564.jpg,3
12566.jpg,11
12567.jpg,5
12568.jpg,3
12569.jpg,3
12570.jpg,3
12571.jpg,3
12572.jpg,3
12573.jpg,3
12574.jpg,11
12577.jpg,2
12579.jpg,2
12580.jpg,2
12584.jpg,4
12585.jpg,4
12587.jpg,3
12588.jpg,4
12591.jpg,5
12593.jpg,5
12594.jpg,4
12595.jpg,6
12596.jpg,4
12597.jpg,3
12598.jpg,5
12599.jpg,3
12600.jpg,5
12601.jpg,2
12602.jpg,6
12603.jpg,6
12604.jpg,4
12605.jpg,6
12606.jpg,3
12607.jpg,3
12608.jpg,6
12610.jpg,3
12611.jpg,3
12612.jpg,4
12614.jpg,3
12615.jpg,2
12616.jpg,6
12618.jpg,4
12619.jpg,4
12620.jpg,4
12621.jpg,3
12622.jpg,3
12623.jpg,3
12625.jpg,3
12628.jpg,5
12629.jpg,2
12630.jpg,4
12633.jpg,5
12635.jpg,6
12640.jpg,2
12641.jpg,4
12642.jpg,11
12643.jpg,16
12645.jpg,6
12647.jpg,7
12648.jpg,3
12649.jpg,7
12651.jpg,7
12653.jpg,3
12654.jpg,7
12656.jpg,9
12657.jpg,3
12659.jpg,3
12660.jpg,31
12661.jpg,23
12662.jpg,8
12664.jpg,6
12665.jpg,24
12669.jpg,4
12670.jpg,7
12671.jpg,3
12674.jpg,3
12675.jpg,8
12676.jpg,6
12677.jpg,6
12680.jpg,3
12682.jpg,3
12683.jpg,9
12685.jpg,9
12686.jpg,5
12687.jpg,5
12688.jpg,4
12690.jpg,3
12691.jpg,3
12692.jpg,3
12693.jpg,3
12694.jpg,3
12695.jpg,3
12696.jpg,3
12697.jpg,2
12698.jpg,4
12699.jpg,2
12701.jpg,4
12702.jpg,4
12704.jpg,7
12705.jpg,4
12706.jpg,2
12707.jpg,5
12708.jpg,5
12709.jpg,5
12711.jpg,4
12712.jpg,5
12714.jpg,5
12715.jpg,5
12716.jpg,5
12717.jpg,5
12719.jpg,2
12720.jpg,9
12721.jpg,4
12722.jpg,8
12723.jpg,7
12724.jpg,5
12725.jpg,4
12726.jpg,14
12727.jpg,14
12728.jpg,14
12730.jpg,6
12731.jpg,4
12732.jpg,4
12733.jpg,4
12734.jpg,4
12735.jpg,4
12740.jpg,2
12741.jpg,4
12742.jpg,4
12744.jpg,77
12745.jpg,9
12746.jpg,20
12747.jpg,2
12748.jpg,8
12749.jpg,3
12750.jpg,4
12753.jpg,4
12755.jpg,3
12757.jpg,4
12759.jpg,4
12760.jpg,4
12763.jpg,5
12764.jpg,5
12766.jpg,3
12767.jpg,5
12768.jpg,3
12769.jpg,3
12774.jpg,2
12775.jpg,2
12776.jpg,2
12777.jpg,2
12778.jpg,2
12779.jpg,1
12780.jpg,2
12782.jpg,5
12783.jpg,4
12785.jpg,4
12786.jpg,4
12789.jpg,4
12790.jpg,1
12791.jpg,5
12792.jpg,6
12793.jpg,4
12794.jpg,6
12795.jpg,3
12796.jpg,3
12799.jpg,5
12801.jpg,2
12802.jpg,2
12803.jpg,2
12804.jpg,3
12805.jpg,1
12808.jpg,13
12809.jpg,2
12810.jpg,7
12813.jpg,3
12814.jpg,4
12815.jpg,5
12816.jpg,4
12817.jpg,3
12819.jpg,5
12820.jpg,2
12823.jpg,5
12824.jpg,2
12825.jpg,3
12826.jpg,2
12828.jpg,4
12829.jpg,3
12830.jpg,4
12832.jpg,4
12836.jpg,7
12837.jpg,6
12838.jpg,4
12843.jpg,6
12845.jpg,7
12846.jpg,3
12847.jpg,5
12849.jpg,2
12850.jpg,3
12851.jpg,2
12853.jpg,2
12854.jpg,2
12855.jpg,4
12856.jpg,2
12857.jpg,2
12860.jpg,3
12861.jpg,4
12862.jpg,5
12863.jpg,5
12864.jpg,6
12865.jpg,4
12866.jpg,4
12867.jpg,9
12868.jpg,8
12870.jpg,2
12871.jpg,10
12872.jpg,2
12873.jpg,3
12874.jpg,3
12875.jpg,3
12876.jpg,3
12879.jpg,7
12881.jpg,3
12882.jpg,4
12883.jpg,3
12884.jpg,4
12885.jpg,4
12887.jpg,4
12890.jpg,3
12892.jpg,5
12893.jpg,3
12894.jpg,8
12895.jpg,11
12897.jpg,5
12898.jpg,4
12899.jpg,4
12900.jpg,4
12902.jpg,4
12903.jpg,4
12904.jpg,4
12907.jpg,4
12909.jpg,4
12910.jpg,4
12911.jpg,4
12914.jpg,2
12916.jpg,3
12918.jpg,5
12921.jpg,3
12922.jpg,6
12923.jpg,6
12924.jpg,6
12925.jpg,2
12926.jpg,2
12929.jpg,2
12931.jpg,2
12933.jpg,2
12934.jpg,7
12935.jpg,2
12937.jpg,7
12938.jpg,2
12941.jpg,3
12942.jpg,7
12943.jpg,14
12944.jpg,13
12945.jpg,11
12947.jpg,3
12949.jpg,4
12950.jpg,10
12951.jpg,6
12953.jpg,13
12955.jpg,3
12956.jpg,2
12957.jpg,2
12958.jpg,3
12961.jpg,2
12962.jpg,2
12963.jpg,2
12964.jpg,4
12965.jpg,3
12967.jpg,7
12969.jpg,2
12970.jpg,2
12972.jpg,3
12973.jpg,2
12974.jpg,3
12976.jpg,7
12977.jpg,7
12978.jpg,6
12980.jpg,5
12981.jpg,6
12983.jpg,5
12986.jpg,3
12987.jpg,4
12988.jpg,4
12990.jpg,4
12991.jpg,4
12992.jpg,5
12993.jpg,5
12997.jpg,12
12998.jpg,2
12999.jpg,6
13000.jpg,5
13001.jpg,8
13002.jpg,3
13003.jpg,6
13004.jpg,6
13005.jpg,6
13006.jpg,6
13007.jpg,4
13008.jpg,4
13009.jpg,9
13012.jpg,10
13016.jpg,28
13017.jpg,18
13018.jpg,4
13019.jpg,3
13021.jpg,3
13022.jpg,3
13023.jpg,7
13025.jpg,5
13026.jpg,11
13028.jpg,9
13030.jpg,4
13032.jpg,9
13033.jpg,6
13034.jpg,6
13035.jpg,13
13036.jpg,11
13037.jpg,11
13039.jpg,9
13047.jpg,3
13049.jpg,4
13050.jpg,17
13051.jpg,3
13053.jpg,6
13055.jpg,4
13056.jpg,5
13057.jpg,2
13058.jpg,3
13059.jpg,3
13060.jpg,6
13061.jpg,4
13062.jpg,3
13063.jpg,2
13064.jpg,3
13067.jpg,2
13068.jpg,3
13069.jpg,3
13070.jpg,3
13071.jpg,3
13072.jpg,3
13075.jpg,7
13076.jpg,4
13077.jpg,5
13078.jpg,5
13079.jpg,4
13080.jpg,3
13081.jpg,4
13083.jpg,4
13084.jpg,4
13085.jpg,2
13086.jpg,4
13088.jpg,8
13089.jpg,8
13090.jpg,8
13093.jpg,5
13094.jpg,4
13095.jpg,4
13097.jpg,10
13098.jpg,8
13099.jpg,8
13100.jpg,5
13101.jpg,4
13102.jpg,4
13103.jpg,2
13104.jpg,5
13106.jpg,4
13107.jpg,4
13108.jpg,2
13109.jpg,2
13110.jpg,2
13111.jpg,6
13112.jpg,2
13114.jpg,2
13115.jpg,2
13116.jpg,2
13117.jpg,2
13122.jpg,2
13124.jpg,4
13125.jpg,2
13126.jpg,5
13127.jpg,9
13129.jpg,9
13130.jpg,9
13135.jpg,3
13136.jpg,7
13139.jpg,4
13140.jpg,4
13142.jpg,4
13143.jpg,5
13144.jpg,3
13146.jpg,2
13148.jpg,5
13149.jpg,6
13151.jpg,6
13152.jpg,4
13153.jpg,3
13154.jpg,3
13155.jpg,5
13156.jpg,6
13157.jpg,5
13160.jpg,7
13161.jpg,4
13162.jpg,3
13163.jpg,4
13164.jpg,5
13166.jpg,5
13167.jpg,4
13168.jpg,4
13169.jpg,6
13172.jpg,15
13173.jpg,8
13175.jpg,3
13176.jpg,5
13177.jpg,14
13179.jpg,7
13180.jpg,7
13181.jpg,4
13184.jpg,4
13185.jpg,6
13187.jpg,10
13188.jpg,6
13189.jpg,3
13191.jpg,1
13192.jpg,7
13194.jpg,3
13195.jpg,2
13196.jpg,3
13197.jpg,3
13198.jpg,3
13199.jpg,6
13200.jpg,2
13202.jpg,4
13204.jpg,4
13205.jpg,3
13206.jpg,3
13207.jpg,3
13208.jpg,3
13209.jpg,5
13210.jpg,2
13211.jpg,5
13212.jpg,4
13213.jpg,4
13214.jpg,4
13215.jpg,5
13217.jpg,4
13218.jpg,3
13220.jpg,3
13222.jpg,2
13226.jpg,5
13229.jpg,2
13230.jpg,4
13232.jpg,7
13233.jpg,6
13234.jpg,5
13235.jpg,2
13237.jpg,6
13239.jpg,3
13240.jpg,2
13241.jpg,2
13242.jpg,5
13244.jpg,2
13245.jpg,3
13247.jpg,4
13248.jpg,5
13249.jpg,3
13250.jpg,2
13253.jpg,2
13254.jpg,2
13255.jpg,2
13256.jpg,5
13257.jpg,4
13260.jpg,4
13261.jpg,3
13262.jpg,3
13263.jpg,4
13264.jpg,4
13265.jpg,6
13267.jpg,6
13269.jpg,9
13272.jpg,2
13274.jpg,3
13275.jpg,3
13278.jpg,3
13279.jpg,3
13280.jpg,7
13281.jpg,7
13282.jpg,7
13284.jpg,6
13285.jpg,7
13286.jpg,4
13288.jpg,17
13289.jpg,6
13290.jpg,3
13291.jpg,9
13292.jpg,2
13293.jpg,1
13295.jpg,2
13296.jpg,2
13297.jpg,2
13298.jpg,2
13299.jpg,2
13300.jpg,2
13302.jpg,6
13303.jpg,4
13304.jpg,4
13305.jpg,2
13306.jpg,4
13308.jpg,4
13310.jpg,3
13311.jpg,2
13312.jpg,3
13313.jpg,2
13314.jpg,6
13315.jpg,4
13317.jpg,5
13318.jpg,3
13319.jpg,14
13320.jpg,3
13321.jpg,5
13322.jpg,5
13325.jpg,7
13326.jpg,3
13327.jpg,9
13328.jpg,6
13330.jpg,5
13331.jpg,5
13334.jpg,7
13335.jpg,14
13338.jpg,3
13339.jpg,3
13341.jpg,3
13345.jpg,3
13346.jpg,3
13348.jpg,3
13352.jpg,3
13353.jpg,2
13354.jpg,8
13355.jpg,4
13357.jpg,22
13359.jpg,8
13360.jpg,4
13361.jpg,2
13362.jpg,3
13363.jpg,2
13364.jpg,2
13365.jpg,3
13367.jpg,2
13369.jpg,3
13370.jpg,3
13371.jpg,3
13372.jpg,3
13377.jpg,2
13378.jpg,9
13379.jpg,6
13380.jpg,10
13381.jpg,2
13382.jpg,2
13384.jpg,3
13385.jpg,7
13388.jpg,3
13389.jpg,3
13392.jpg,4
13393.jpg,3
13394.jpg,14
13395.jpg,3
13396.jpg,8
13397.jpg,5
13398.jpg,6
13401.jpg,28
13402.jpg,14
13403.jpg,7
13404.jpg,8
13406.jpg,6
13407.jpg,4
13409.jpg,8
13411.jpg,24
13413.jpg,13
13415.jpg,6
13416.jpg,12
13418.jpg,5
13419.jpg,4
13420.jpg,8
13421.jpg,6
13422.jpg,16
13424.jpg,6
13425.jpg,2
13426.jpg,2
13427.jpg,5
13428.jpg,5
13431.jpg,6
13434.jpg,5
13435.jpg,5
13437.jpg,5
13440.jpg,3
13441.jpg,3
13442.jpg,3
13444.jpg,3
13445.jpg,19
13446.jpg,10
13447.jpg,7
13448.jpg,7
13450.jpg,6
13452.jpg,10
13454.jpg,2
13455.jpg,3
13456.jpg,3
13459.jpg,11
13460.jpg,4
13461.jpg,7
13462.jpg,8
13463.jpg,1
13464.jpg,5
13465.jpg,3
13466.jpg,7
13467.jpg,6
13469.jpg,4
13470.jpg,3
13471.jpg,3
13472.jpg,4
13473.jpg,5
13474.jpg,3
13475.jpg,3
13476.jpg,2
13477.jpg,2
13478.jpg,2
13479.jpg,4
13480.jpg,2
13481.jpg,4
13482.jpg,4
13483.jpg,4
13484.jpg,2
13486.jpg,3
13487.jpg,2
13488.jpg,3
13489.jpg,3
13491.jpg,7
13492.jpg,6
13495.jpg,7
13496.jpg,7
13497.jpg,5
13498.jpg,6
13502.jpg,2
13503.jpg,3
13504.jpg,3
13508.jpg,5
13509.jpg,5
13510.jpg,5
13512.jpg,4
13513.jpg,4
13515.jpg,2
13516.jpg,3
13517.jpg,5
13518.jpg,5
13519.jpg,4
13520.jpg,4
13521.jpg,3
13524.jpg,3
13525.jpg,4
13526.jpg,3
13530.jpg,3
13531.jpg,3
13532.jpg,3
13533.jpg,3
13535.jpg,3
13536.jpg,4
13537.jpg,6
13538.jpg,3
13540.jpg,2
13541.jpg,4
13542.jpg,4
13543.jpg,4
13544.jpg,6
13546.jpg,3
13547.jpg,3
13549.jpg,3
13551.jpg,2
13552.jpg,5
13554.jpg,2
13555.jpg,4
13557.jpg,4
13559.jpg,6
13560.jpg,6
13561.jpg,4
13562.jpg,4
13563.jpg,4
13564.jpg,4
13566.jpg,4
13568.jpg,2
13569.jpg,2
13570.jpg,7
13573.jpg,6
13574.jpg,4
13575.jpg,3
13576.jpg,5
13578.jpg,3
13579.jpg,3
13581.jpg,4
13582.jpg,2
13583.jpg,2
13584.jpg,3
13585.jpg,2
13586.jpg,4
13587.jpg,4
13588.jpg,4
13589.jpg,5
13590.jpg,5
13591.jpg,5
13592.jpg,4
13596.jpg,7
13597.jpg,3
13599.jpg,4
13602.jpg,4
13603.jpg,4
13604.jpg,3
13605.jpg,3
13606.jpg,4
13607.jpg,3
13609.jpg,4
13610.jpg,5
13611.jpg,8
13613.jpg,6
13615.jpg,4
13616.jpg,6
13618.jpg,4
13619.jpg,4
13621.jpg,3
13622.jpg,4
13624.jpg,5
13626.jpg,3
13627.jpg,3
13629.jpg,4
13630.jpg,4
13631.jpg,4
13632.jpg,3
13635.jpg,4
13636.jpg,4
13637.jpg,4
13640.jpg,5
13641.jpg,3
13642.jpg,3
13644.jpg,2
13646.jpg,5
13647.jpg,2
13648.jpg,4
13649.jpg,4
13650.jpg,6
13651.jpg,5
13652.jpg,4
13653.jpg,2
13654.jpg,4
13655.jpg,3
13657.jpg,2
13658.jpg,4
13659.jpg,4
13662.jpg,3
13664.jpg,3
13665.jpg,3
13666.jpg,6
13667.jpg,4
13669.jpg,4
13670.jpg,4
13671.jpg,6
13672.jpg,4
13675.jpg,5
13676.jpg,5
13677.jpg,4
13678.jpg,3
13679.jpg,8
13680.jpg,4
13682.jpg,4
13683.jpg,4
13686.jpg,4
13687.jpg,4
13688.jpg,4
13691.jpg,4
13692.jpg,4
13693.jpg,4
13694.jpg,3
13695.jpg,4
13696.jpg,4
13699.jpg,3
13701.jpg,4
13704.jpg,4
13705.jpg,4
13706.jpg,4
13707.jpg,5
13708.jpg,6
13710.jpg,4
13713.jpg,4
13714.jpg,5
13715.jpg,3
13716.jpg,3
13717.jpg,3
13718.jpg,4
13719.jpg,4
13720.jpg,4
13722.jpg,4
13723.jpg,4
13724.jpg,3
13725.jpg,3
13727.jpg,3
13731.jpg,3
13732.jpg,4
13733.jpg,4
13735.jpg,3
13736.jpg,3
13737.jpg,3
13738.jpg,8
13739.jpg,4
13740.jpg,6
13741.jpg,4
13742.jpg,4
13743.jpg,3
13744.jpg,3
13747.jpg,4
13748.jpg,3
13749.jpg,3
13751.jpg,4
13752.jpg,3
13753.jpg,3
13754.jpg,4
13755.jpg,3
13756.jpg,3
13759.jpg,3
13760.jpg,3
13761.jpg,3
13762.jpg,8
13763.jpg,7
13764.jpg,4
13766.jpg,3
13768.jpg,3
13769.jpg,3
13770.jpg,3
13772.jpg,3
13773.jpg,3
13775.jpg,3
13777.jpg,4
13778.jpg,5
13779.jpg,4
13780.jpg,4
13782.jpg,4
13783.jpg,6
13786.jpg,4
13789.jpg,4
13790.jpg,4
13791.jpg,4
13793.jpg,4
13794.jpg,4
13795.jpg,3
13797.jpg,4
13798.jpg,4
13799.jpg,4
13800.jpg,2
13802.jpg,3
13805.jpg,3
13806.jpg,3
13807.jpg,3
13808.jpg,4
13812.jpg,3
13813.jpg,3
13817.jpg,3
13819.jpg,3
13820.jpg,3
13821.jpg,5
13822.jpg,7
13823.jpg,3
13824.jpg,3
13826.jpg,3
13828.jpg,4
13829.jpg,4
13830.jpg,4
13831.jpg,5
13833.jpg,4
13834.jpg,5
13836.jpg,8
13837.jpg,1
13838.jpg,4
13839.jpg,4
13840.jpg,2
13841.jpg,4
13842.jpg,1
13843.jpg,8
13844.jpg,5
13845.jpg,7
13846.jpg,8
13847.jpg,5
13848.jpg,5
13849.jpg,9
13850.jpg,4
13852.jpg,5
13853.jpg,3
13854.jpg,6
13857.jpg,5
13858.jpg,5
13861.jpg,7
13862.jpg,7
13864.jpg,2
13865.jpg,3
13866.jpg,2
13871.jpg,3
13872.jpg,2
13875.jpg,3
13878.jpg,4
13880.jpg,2
13881.jpg,2
13882.jpg,2
13884.jpg,2
13885.jpg,2
13886.jpg,2
13887.jpg,4
13890.jpg,2
13892.jpg,2
13894.jpg,2
13895.jpg,2
13896.jpg,2
13897.jpg,2
13898.jpg,2
13899.jpg,3
13900.jpg,2
13903.jpg,2
13906.jpg,2
13907.jpg,2
13908.jpg,2
13912.jpg,2
13913.jpg,2
13914.jpg,2
13915.jpg,3
13916.jpg,2
13917.jpg,2
13919.jpg,2
13921.jpg,2
13924.jpg,2
13925.jpg,2
13927.jpg,2
13928.jpg,2
13929.jpg,2
13931.jpg,2
13932.jpg,4
13934.jpg,2
13935.jpg,2
13936.jpg,2
13937.jpg,2
13940.jpg,2
13941.jpg,2
13942.jpg,2
13945.jpg,2
13947.jpg,4
13950.jpg,2
13951.jpg,2
13952.jpg,2
13953.jpg,2
13954.jpg,2
13955.jpg,2
13956.jpg,2
13957.jpg,2
13958.jpg,2
13960.jpg,4
13961.jpg,3
13962.jpg,3
13963.jpg,4
13964.jpg,3
13966.jpg,4
13967.jpg,4
13968.jpg,4
13969.jpg,4
13970.jpg,4
13971.jpg,4
13972.jpg,4
13974.jpg,3
13978.jpg,2
13979.jpg,3
13980.jpg,2
13982.jpg,4
13983.jpg,4
13985.jpg,2
13987.jpg,3
13988.jpg,3
13989.jpg,2
13990.jpg,2
13992.jpg,4
13993.jpg,2
13995.jpg,2
13996.jpg,2
13997.jpg,2
13999.jpg,4
14000.jpg,2
14001.jpg,3
14002.jpg,2
14003.jpg,3
14004.jpg,3
14007.jpg,3
14008.jpg,3
14010.jpg,3
14012.jpg,2
14013.jpg,3
14015.jpg,6
14017.jpg,9
14018.jpg,4
14020.jpg,4
14022.jpg,3
14023.jpg,5
14025.jpg,1
14026.jpg,3
14028.jpg,6
14030.jpg,8
14032.jpg,3
14033.jpg,3
14034.jpg,8
14036.jpg,25
14037.jpg,5
14039.jpg,7
14041.jpg,5
14043.jpg,8
14044.jpg,15
14047.jpg,3
14048.jpg,2
14049.jpg,5
14050.jpg,5
14052.jpg,5
14053.jpg,2
14054.jpg,3
14057.jpg,5
14059.jpg,12
14061.jpg,3
14062.jpg,5
14064.jpg,3
14065.jpg,8
14067.jpg,13
14068.jpg,9
14069.jpg,23
14070.jpg,22
14071.jpg,12
14072.jpg,4
14073.jpg,4
14074.jpg,4
14075.jpg,4
14076.jpg,4
14077.jpg,5
14078.jpg,4
14079.jpg,4
14080.jpg,4
14081.jpg,4
14082.jpg,3
14083.jpg,4
14084.jpg,2
14085.jpg,1
14086.jpg,2
14087.jpg,4
14088.jpg,6
14089.jpg,3
14090.jpg,5
14092.jpg,2
14096.jpg,5
14097.jpg,3
14098.jpg,3
14101.jpg,4
14104.jpg,4
14108.jpg,4
14109.jpg,9
14110.jpg,7
14111.jpg,7
14112.jpg,10
14116.jpg,9
14118.jpg,12
14119.jpg,6
14120.jpg,4
14122.jpg,9
14124.jpg,10
14125.jpg,4
14126.jpg,5
14127.jpg,7
14128.jpg,6
14129.jpg,2
14130.jpg,4
14133.jpg,8
14134.jpg,15
14135.jpg,11
14136.jpg,8
14138.jpg,14
14139.jpg,7
14143.jpg,7
14144.jpg,2
14145.jpg,4
14146.jpg,3
14147.jpg,3
14148.jpg,3
14149.jpg,5
14150.jpg,7
14151.jpg,5
14152.jpg,5
14153.jpg,5
14154.jpg,5
14156.jpg,5
14158.jpg,3
14159.jpg,4
14160.jpg,5
14161.jpg,5
14162.jpg,5
14164.jpg,3
14165.jpg,6
14166.jpg,6
14167.jpg,4
14169.jpg,5
14171.jpg,4
14172.jpg,3
14174.jpg,4
14177.jpg,3
14178.jpg,5
14181.jpg,5
14182.jpg,5
14186.jpg,4
14187.jpg,5
14189.jpg,5
14191.jpg,4
14192.jpg,6
14193.jpg,5
14196.jpg,7
14198.jpg,8
14201.jpg,5
14202.jpg,5
14203.jpg,3
14204.jpg,4
14205.jpg,4
14206.jpg,4
14207.jpg,4
14208.jpg,4
14209.jpg,4
14210.jpg,4
14211.jpg,5
14213.jpg,5
14214.jpg,5
14215.jpg,5
14216.jpg,5
14218.jpg,4
14219.jpg,6
14221.jpg,6
14222.jpg,5
14225.jpg,5
14226.jpg,5
14227.jpg,5
14229.jpg,5
14230.jpg,5
14231.jpg,5
14232.jpg,5
14233.jpg,5
14235.jpg,5
14236.jpg,5
14237.jpg,6
14238.jpg,6
14241.jpg,5
14242.jpg,5
14243.jpg,5
14244.jpg,4
14245.jpg,4
14247.jpg,5
14248.jpg,5
14250.jpg,5
14252.jpg,5
14253.jpg,5
14254.jpg,6
14256.jpg,3
14259.jpg,3
14261.jpg,3
14262.jpg,3
14263.jpg,4
14264.jpg,3
14265.jpg,5
14266.jpg,5
14268.jpg,5
14269.jpg,5
14270.jpg,5
14271.jpg,5
14272.jpg,5
14273.jpg,5
14275.jpg,4
14276.jpg,5
14277.jpg,4
14278.jpg,5
14279.jpg,5
14281.jpg,5
14282.jpg,5
14283.jpg,10
14284.jpg,4
14285.jpg,3
14287.jpg,3
14288.jpg,3
14289.jpg,6
14290.jpg,4
14291.jpg,5
14292.jpg,6
14293.jpg,5
14294.jpg,2
14295.jpg,3
14297.jpg,3
14299.jpg,3
14300.jpg,4
14301.jpg,2
14303.jpg,4
14304.jpg,4
14305.jpg,4
14306.jpg,4
14308.jpg,4
14309.jpg,5
14311.jpg,5
14312.jpg,5
14313.jpg,3
14314.jpg,3
14316.jpg,6
14317.jpg,6
14319.jpg,3
14320.jpg,3
14321.jpg,5
14323.jpg,5
14324.jpg,2
14325.jpg,4
14327.jpg,5
14328.jpg,5
14329.jpg,5
14331.jpg,3
14332.jpg,12
14334.jpg,3
14336.jpg,5
14337.jpg,4
14339.jpg,10
14341.jpg,6
14344.jpg,5
14346.jpg,3
14347.jpg,3
14350.jpg,7
14351.jpg,6
14352.jpg,6
14353.jpg,7
14354.jpg,7
14356.jpg,6
14358.jpg,8
14359.jpg,6
14360.jpg,8
14361.jpg,5
14362.jpg,5
14363.jpg,5
14364.jpg,5
14365.jpg,6
14366.jpg,5
14367.jpg,3
14368.jpg,4
14371.jpg,5
14372.jpg,3
14375.jpg,9
14376.jpg,9
14378.jpg,9
14379.jpg,9
14383.jpg,4
14384.jpg,6
14385.jpg,3
14387.jpg,4
14388.jpg,5
14389.jpg,7
14390.jpg,3
14391.jpg,5
14392.jpg,3
14394.jpg,4
14395.jpg,3
14397.jpg,3
14398.jpg,3
14400.jpg,3
14402.jpg,5
14403.jpg,4
14404.jpg,5
14406.jpg,6
14407.jpg,5
14408.jpg,4
14409.jpg,6
14412.jpg,4
14413.jpg,4
14414.jpg,6
14416.jpg,6
14417.jpg,3
14418.jpg,6
14419.jpg,3
14421.jpg,5
14422.jpg,3
14423.jpg,6
14424.jpg,10
14428.jpg,4
14429.jpg,4
14430.jpg,4
14431.jpg,4
14432.jpg,6
14433.jpg,5
14436.jpg,5
14437.jpg,7
14438.jpg,7
14442.jpg,6
14443.jpg,6
14444.jpg,6
14445.jpg,4
14446.jpg,4
14447.jpg,4
14448.jpg,5
14449.jpg,5
14450.jpg,5
14451.jpg,5
14452.jpg,6
14453.jpg,6
14454.jpg,5
14455.jpg,6
14456.jpg,6
14457.jpg,4
14458.jpg,8
14459.jpg,8
14461.jpg,3
14462.jpg,7
14463.jpg,5
14465.jpg,4
14466.jpg,4
14469.jpg,4
14470.jpg,4
14471.jpg,4
14472.jpg,4
14476.jpg,6
14477.jpg,3
14478.jpg,4
14479.jpg,6
14480.jpg,5
14481.jpg,5
14483.jpg,12
14484.jpg,5
14485.jpg,5
14486.jpg,3
14490.jpg,3
14491.jpg,2
14492.jpg,3
14495.jpg,4
14496.jpg,3
14499.jpg,5
14500.jpg,5
14501.jpg,4
14503.jpg,5
14505.jpg,5
14507.jpg,5
14509.jpg,3
14511.jpg,3
14512.jpg,5
14513.jpg,5
14514.jpg,4
14515.jpg,4
14516.jpg,6
14517.jpg,7
14519.jpg,4
14520.jpg,4
14521.jpg,3
14522.jpg,3
14523.jpg,3
14524.jpg,9
14525.jpg,4
14526.jpg,5
14527.jpg,5
14528.jpg,5
14529.jpg,4
14530.jpg,4
14532.jpg,5
14533.jpg,4
14534.jpg,5
14535.jpg,8
14536.jpg,7
14537.jpg,6
14538.jpg,2
14539.jpg,5
14540.jpg,7
14541.jpg,4
14542.jpg,4
14545.jpg,9
14546.jpg,9
14547.jpg,3
14548.jpg,4
14549.jpg,8
14550.jpg,5
14551.jpg,3
14552.jpg,4
14553.jpg,4
14554.jpg,4
14555.jpg,3
14556.jpg,4
14557.jpg,4
14560.jpg,5
14561.jpg,2
14562.jpg,3
14564.jpg,3
14565.jpg,3
14566.jpg,2
14567.jpg,2
14569.jpg,2
14570.jpg,5
14572.jpg,7
14573.jpg,5
14576.jpg,6
14577.jpg,7
14578.jpg,7
14579.jpg,7
14580.jpg,6
14581.jpg,7
14583.jpg,5
14584.jpg,6
14585.jpg,7
14587.jpg,7
14588.jpg,7
14590.jpg,6
14594.jpg,3
14595.jpg,3
14596.jpg,3
14597.jpg,6
14598.jpg,6
14600.jpg,6
14601.jpg,11
14602.jpg,5
14603.jpg,4
14604.jpg,10
14605.jpg,8
14606.jpg,8
14607.jpg,9
14608.jpg,7
14610.jpg,7
14611.jpg,4
14612.jpg,10
14616.jpg,2
14617.jpg,2
14618.jpg,3
14620.jpg,3
14621.jpg,3
14624.jpg,2
14625.jpg,2
14626.jpg,3
14627.jpg,4
14628.jpg,5
14629.jpg,4
14631.jpg,2
14632.jpg,2
14633.jpg,5
14634.jpg,2
14636.jpg,4
14637.jpg,3
14639.jpg,3
14640.jpg,3
14641.jpg,3
14643.jpg,3
14645.jpg,5
14646.jpg,3
14647.jpg,3
14648.jpg,3
14650.jpg,5
14652.jpg,2
14654.jpg,4
14656.jpg,4
14657.jpg,3
14660.jpg,2
14661.jpg,3
14662.jpg,3
14663.jpg,4
14665.jpg,3
14668.jpg,3
14669.jpg,3
14670.jpg,3
14672.jpg,3
14673.jpg,4
14674.jpg,3
14675.jpg,4
14676.jpg,4
14677.jpg,3
14678.jpg,2
14679.jpg,3
14680.jpg,3
14683.jpg,3
14685.jpg,5
14686.jpg,11
14690.jpg,6
14691.jpg,2
14692.jpg,2
14693.jpg,2
14694.jpg,3
14696.jpg,3
14697.jpg,3
14699.jpg,3
14702.jpg,3
14703.jpg,8
14704.jpg,7
14705.jpg,6
14706.jpg,6
14707.jpg,6
14708.jpg,6
14709.jpg,7
14711.jpg,5
14713.jpg,4
14714.jpg,7
14715.jpg,4
14716.jpg,5
14717.jpg,3
14719.jpg,2
14720.jpg,4
14721.jpg,2
14722.jpg,2
14723.jpg,2
14725.jpg,2
14728.jpg,2
14729.jpg,2
14730.jpg,2
14732.jpg,2
14733.jpg,2
14734.jpg,2
14735.jpg,3
14736.jpg,2
14737.jpg,2
14740.jpg,3
14744.jpg,2
14747.jpg,2
14748.jpg,2
14749.jpg,2
14750.jpg,2
14752.jpg,3
14753.jpg,3
14754.jpg,4
14755.jpg,2
14756.jpg,2
14757.jpg,2
14758.jpg,3
14759.jpg,3
14760.jpg,3
14761.jpg,3
14763.jpg,3
14764.jpg,2
14765.jpg,3
14766.jpg,3
14767.jpg,3
14769.jpg,3
14770.jpg,3
14771.jpg,3
14772.jpg,5
14773.jpg,3
14775.jpg,13
14776.jpg,7
14777.jpg,5
14778.jpg,5
14779.jpg,4
14781.jpg,4
14782.jpg,24
14784.jpg,6
14785.jpg,6
14787.jpg,3
14788.jpg,3
14789.jpg,3
14790.jpg,3
14791.jpg,3
14792.jpg,3
14794.jpg,4
14796.jpg,5
14797.jpg,5
14799.jpg,7
14800.jpg,7
14802.jpg,6
14803.jpg,6
14805.jpg,5
14806.jpg,6
14808.jpg,5
14809.jpg,7
14810.jpg,4
14811.jpg,8
14812.jpg,9
14813.jpg,6
14814.jpg,9
14815.jpg,4
14816.jpg,7
14819.jpg,7
14821.jpg,5
14823.jpg,4
14826.jpg,5
14829.jpg,5
14831.jpg,5
14832.jpg,4
14833.jpg,5
14834.jpg,5
14835.jpg,6
14838.jpg,6
14839.jpg,5
14840.jpg,10
14841.jpg,4
14843.jpg,4
14844.jpg,4
14845.jpg,4
14846.jpg,13
14847.jpg,12
14849.jpg,7
14850.jpg,4
14851.jpg,5
14852.jpg,3
14853.jpg,4
14854.jpg,4
14855.jpg,7
14856.jpg,3
14858.jpg,4
14859.jpg,5
14861.jpg,4
14863.jpg,4
14865.jpg,4
14866.jpg,4
14867.jpg,7
14869.jpg,5
14870.jpg,4
14871.jpg,5
14875.jpg,4
14877.jpg,4
14878.jpg,4
14880.jpg,6
14881.jpg,3
14882.jpg,3
14883.jpg,3
14884.jpg,4
14885.jpg,4
14886.jpg,6
14887.jpg,5
14888.jpg,4
14889.jpg,5
14892.jpg,5
14894.jpg,6
14895.jpg,6
14897.jpg,4
14899.jpg,3
14900.jpg,5
14901.jpg,7
14903.jpg,7
14904.jpg,4
14905.jpg,4
14906.jpg,3
14907.jpg,3
14908.jpg,3
14911.jpg,4
14914.jpg,4
14915.jpg,4
14916.jpg,5
14918.jpg,6
14919.jpg,5
14920.jpg,5
14921.jpg,4
14922.jpg,5
14924.jpg,5
14925.jpg,5
14926.jpg,5
14928.jpg,4
14929.jpg,4
14930.jpg,3
14932.jpg,4
14933.jpg,4
14934.jpg,3
14935.jpg,4
14936.jpg,4
14937.jpg,5
14938.jpg,5
14939.jpg,5
14943.jpg,6
14944.jpg,5
14946.jpg,10
14947.jpg,11
14948.jpg,5
14949.jpg,5
14950.jpg,3
14951.jpg,6
14952.jpg,6
14953.jpg,4
14954.jpg,4
14956.jpg,4
14958.jpg,7
14959.jpg,7
14960.jpg,3
14961.jpg,4
14963.jpg,3
14964.jpg,3
14966.jpg,7
14967.jpg,7
14968.jpg,6
14969.jpg,3
14970.jpg,5
14971.jpg,4
14972.jpg,5
14974.jpg,4
14975.jpg,4
14980.jpg,4
14981.jpg,4
14982.jpg,4
14983.jpg,2
14984.jpg,4
14986.jpg,5
14987.jpg,3
14988.jpg,4
14990.jpg,4
14991.jpg,4
14992.jpg,4
14995.jpg,4
14996.jpg,4
14997.jpg,3
14999.jpg,8
15000.jpg,4
15001.jpg,4
15003.jpg,5
15004.jpg,4
15005.jpg,4
15006.jpg,9
15007.jpg,6
15008.jpg,5
15013.jpg,4
15015.jpg,4
15016.jpg,4
15017.jpg,4
15018.jpg,5
15020.jpg,11
15021.jpg,11
15023.jpg,7
15025.jpg,7
15026.jpg,3
15027.jpg,4
15028.jpg,4
15029.jpg,5
15032.jpg,4
15033.jpg,5
15036.jpg,4
15037.jpg,8
15038.jpg,8
15039.jpg,7
15040.jpg,4
15041.jpg,4
15042.jpg,5
15043.jpg,4
15044.jpg,4
15045.jpg,4
15046.jpg,4
15048.jpg,4
15049.jpg,4
15052.jpg,6
15053.jpg,7
15054.jpg,5
15056.jpg,5
15057.jpg,3
15059.jpg,4
15060.jpg,4
15061.jpg,6
15067.jpg,4
15068.jpg,4
15069.jpg,6
15070.jpg,4
15072.jpg,3
15073.jpg,7
15074.jpg,5
15075.jpg,6
15076.jpg,4
15078.jpg,3
15082.jpg,2
15083.jpg,5
15084.jpg,7
15086.jpg,5
15087.jpg,5
15088.jpg,5
15089.jpg,5
15090.jpg,5
15091.jpg,3
15092.jpg,3
15093.jpg,3
15094.jpg,9
15095.jpg,4
15096.jpg,7
15098.jpg,6
15100.jpg,5
15102.jpg,3
15103.jpg,3
15104.jpg,4
15105.jpg,5
15106.jpg,4
15107.jpg,4
15109.jpg,5
15110.jpg,5
15112.jpg,6
15114.jpg,5
15115.jpg,5
15116.jpg,5
15118.jpg,5
15119.jpg,3
15120.jpg,3
15121.jpg,4
15122.jpg,6
15123.jpg,2
15124.jpg,3
15125.jpg,4
15126.jpg,5
15127.jpg,3
15128.jpg,4
15129.jpg,4
15131.jpg,3
15133.jpg,3
15134.jpg,4
15135.jpg,4
15137.jpg,3
15138.jpg,3
15139.jpg,5
15140.jpg,4
15141.jpg,5
15142.jpg,4
15144.jpg,7
15145.jpg,7
15146.jpg,5
15147.jpg,7
15148.jpg,4
15150.jpg,4
15151.jpg,4
15152.jpg,4
15154.jpg,7
15155.jpg,8
15156.jpg,4
15158.jpg,4
15159.jpg,5
15160.jpg,7
15162.jpg,5
15163.jpg,4
15164.jpg,5
15166.jpg,4
15167.jpg,3
15168.jpg,4
15169.jpg,3
15170.jpg,3
15172.jpg,5
15173.jpg,5
15174.jpg,6
15175.jpg,6
15176.jpg,5
15177.jpg,6
15178.jpg,6
15179.jpg,6
15180.jpg,4
15181.jpg,2
15182.jpg,3
15183.jpg,4
15185.jpg,3
15186.jpg,4
15187.jpg,3
15188.jpg,2
15189.jpg,3
15192.jpg,6
15193.jpg,4
15194.jpg,4
15196.jpg,4
15198.jpg,3
15199.jpg,3
15200.jpg,4
15202.jpg,2
15203.jpg,2
15206.jpg,2
15208.jpg,6
15210.jpg,7
15212.jpg,5
15213.jpg,4
15214.jpg,6
15215.jpg,6
15216.jpg,6
15217.jpg,3
15218.jpg,5
15219.jpg,5
15220.jpg,4
15221.jpg,4
15223.jpg,4
15224.jpg,2
15225.jpg,4
15226.jpg,4
15227.jpg,4
15229.jpg,4
15230.jpg,2
15232.jpg,6
15233.jpg,3
15235.jpg,3
15237.jpg,3
15240.jpg,4
15241.jpg,7
15242.jpg,4
15243.jpg,3
15247.jpg,4
15248.jpg,4
15249.jpg,3
15252.jpg,4
15253.jpg,3
15254.jpg,3
15255.jpg,4
15256.jpg,5
15257.jpg,7
15258.jpg,4
15259.jpg,4
15260.jpg,4
15261.jpg,3
15265.jpg,4
15267.jpg,4
15270.jpg,4
15271.jpg,5
15272.jpg,3
15273.jpg,3
15274.jpg,4
15275.jpg,4
15276.jpg,3
15277.jpg,3
15278.jpg,4
15279.jpg,5
15280.jpg,3
15282.jpg,2
15284.jpg,2
15285.jpg,2
15287.jpg,2
15289.jpg,4
15291.jpg,7
15292.jpg,5
15294.jpg,4
15295.jpg,6
15296.jpg,6
15298.jpg,6
15299.jpg,6
15301.jpg,5
15302.jpg,6
15303.jpg,3
15304.jpg,4
15305.jpg,4
15306.jpg,4
15307.jpg,6
15308.jpg,4
15309.jpg,3
15313.jpg,5
15314.jpg,4
15315.jpg,3
15316.jpg,3
15320.jpg,4
15321.jpg,5
15323.jpg,3
15324.jpg,3
15326.jpg,2
15327.jpg,4
15329.jpg,4
15330.jpg,3
15331.jpg,3
15333.jpg,3
15334.jpg,9
15337.jpg,5
15343.jpg,2
15345.jpg,5
15349.jpg,4
15350.jpg,2
15351.jpg,3
15352.jpg,3
15353.jpg,2
15354.jpg,4
15356.jpg,2
15357.jpg,2
15359.jpg,2
15360.jpg,5
15361.jpg,4
15363.jpg,7
15364.jpg,7
15366.jpg,6
15367.jpg,7
15372.jpg,3
15373.jpg,4
15375.jpg,3
15376.jpg,4
15377.jpg,4
15378.jpg,3
15379.jpg,2
15382.jpg,2
15384.jpg,2
15385.jpg,2
15386.jpg,5
15387.jpg,6
15389.jpg,4
15391.jpg,4
15393.jpg,2
15395.jpg,3
15397.jpg,4
15398.jpg,4
15399.jpg,7
15400.jpg,2
15401.jpg,10
15406.jpg,3
15407.jpg,3
15408.jpg,3
15409.jpg,4
15410.jpg,4
15412.jpg,4
15413.jpg,6
15415.jpg,6
15416.jpg,7
15418.jpg,3
15419.jpg,3
15420.jpg,3
15421.jpg,3
15422.jpg,3
15423.jpg,3
15424.jpg,3
15425.jpg,4
15426.jpg,5
15427.jpg,4
15428.jpg,3
15429.jpg,4
15430.jpg,6
15431.jpg,2
15433.jpg,2
15435.jpg,2
15436.jpg,2
15437.jpg,5
15438.jpg,6
15439.jpg,8
15440.jpg,4
15441.jpg,4
15442.jpg,2
15443.jpg,6
15444.jpg,2
15445.jpg,2
15446.jpg,4
15447.jpg,4
15448.jpg,2
15449.jpg,4
15450.jpg,9
15451.jpg,3
15454.jpg,9
15455.jpg,2
15459.jpg,5
15460.jpg,4
15461.jpg,4
15463.jpg,3
15464.jpg,5
15465.jpg,6
15466.jpg,6
15467.jpg,6
15468.jpg,6
15469.jpg,6
15470.jpg,3
15472.jpg,3
15473.jpg,6
15477.jpg,6
15478.jpg,3
15479.jpg,2
15481.jpg,2
15482.jpg,2
15483.jpg,2
15484.jpg,2
15485.jpg,4
15486.jpg,3
15487.jpg,4
15489.jpg,10
15491.jpg,12
15493.jpg,2
15494.jpg,2
15495.jpg,16
15496.jpg,10
15497.jpg,11
15498.jpg,3
15499.jpg,9
15500.jpg,4
15502.jpg,3
15503.jpg,9
15504.jpg,4
15505.jpg,3
15507.jpg,13
15508.jpg,5
15509.jpg,2
15510.jpg,2
15511.jpg,3
15512.jpg,7
15513.jpg,1
15514.jpg,3
15515.jpg,3
15516.jpg,6
15518.jpg,9
15519.jpg,4
15521.jpg,3
15522.jpg,3
15524.jpg,15
15525.jpg,8
15527.jpg,9
15528.jpg,4
15529.jpg,6
15533.jpg,4
15534.jpg,7
15536.jpg,3
15538.jpg,5
15539.jpg,5
15540.jpg,7
15541.jpg,3
15542.jpg,5
15543.jpg,3
15544.jpg,3
15545.jpg,4
15546.jpg,12
15550.jpg,3
15551.jpg,3
15554.jpg,3
15555.jpg,4
15556.jpg,5
15557.jpg,19
15558.jpg,2
15559.jpg,7
15560.jpg,9
15562.jpg,6
15563.jpg,7
15564.jpg,3
15565.jpg,3
15567.jpg,2
15571.jpg,5
15573.jpg,3
15574.jpg,3
15575.jpg,3
15576.jpg,4
15577.jpg,13
15579.jpg,2
15580.jpg,2
15581.jpg,3
15582.jpg,2
15585.jpg,9
15586.jpg,10
15587.jpg,2
15588.jpg,3
15589.jpg,4
15591.jpg,2
15592.jpg,4
15593.jpg,4
15594.jpg,29
15595.jpg,31
15596.jpg,7
15597.jpg,8
15598.jpg,8
15599.jpg,2
15600.jpg,5
15603.jpg,5
15604.jpg,9
15605.jpg,5
15606.jpg,4
15607.jpg,2
15609.jpg,13
15610.jpg,12
15611.jpg,1
15613.jpg,4
15614.jpg,16
15615.jpg,2
15617.jpg,8
15618.jpg,6
15619.jpg,3
15620.jpg,3
15621.jpg,3
15622.jpg,3
15623.jpg,3
15625.jpg,3
15626.jpg,3
15627.jpg,3
15628.jpg,3
15630.jpg,3
15631.jpg,4
15632.jpg,5
15633.jpg,7
15634.jpg,6
15635.jpg,4
15636.jpg,4
15637.jpg,7
15638.jpg,3
15639.jpg,4
15642.jpg,6
15645.jpg,2
15646.jpg,2
15647.jpg,6
15650.jpg,7
15652.jpg,6
15653.jpg,5
15655.jpg,4
15656.jpg,6
15659.jpg,3
15662.jpg,3
15663.jpg,3
15664.jpg,5
15665.jpg,3
15666.jpg,7
15667.jpg,9
15668.jpg,9
15669.jpg,2
15671.jpg,8
15672.jpg,8
15673.jpg,12
15674.jpg,7
15676.jpg,7
15677.jpg,6
15678.jpg,11
15679.jpg,3
15680.jpg,6
15682.jpg,7
15683.jpg,3
15685.jpg,3
15687.jpg,4
15688.jpg,4
15691.jpg,2
15693.jpg,5
15695.jpg,3
15697.jpg,4
15698.jpg,6
15700.jpg,4
15701.jpg,2
15702.jpg,7
15704.jpg,9
15705.jpg,9
15708.jpg,6
15709.jpg,5
15710.jpg,4
15711.jpg,5
15714.jpg,6
15715.jpg,4
15716.jpg,3
15717.jpg,3
15718.jpg,5
15719.jpg,3
15720.jpg,3
15721.jpg,5
15723.jpg,6
15724.jpg,6
15726.jpg,4
15728.jpg,2
15730.jpg,2
15732.jpg,4
15734.jpg,2
15735.jpg,3
15736.jpg,3
15737.jpg,3
15739.jpg,3
15740.jpg,4
15746.jpg,2
15747.jpg,5
15748.jpg,3
15749.jpg,2
15752.jpg,7
15753.jpg,7
15754.jpg,3
15755.jpg,4
15756.jpg,2
15757.jpg,3
15758.jpg,2
15759.jpg,5
15760.jpg,3
15761.jpg,6
15764.jpg,4
15765.jpg,2
15766.jpg,3
15767.jpg,3
15768.jpg,3
15770.jpg,4
15772.jpg,5
15773.jpg,5
15774.jpg,2
15775.jpg,3
15776.jpg,7
15778.jpg,11
15780.jpg,5
15782.jpg,2
15783.jpg,3
15784.jpg,3
15785.jpg,3
15786.jpg,4
15787.jpg,4
15789.jpg,7
15790.jpg,7
15792.jpg,3
15793.jpg,4
15794.jpg,4
15795.jpg,10
15796.jpg,2
15797.jpg,5
15798.jpg,5
15799.jpg,5
15801.jpg,6
15802.jpg,6
15803.jpg,2
15804.jpg,4
15805.jpg,5
15806.jpg,5
15809.jpg,5
15810.jpg,4
15811.jpg,4
15812.jpg,6
15813.jpg,5
15814.jpg,6
15817.jpg,4
15819.jpg,5
15821.jpg,4
15822.jpg,4
15824.jpg,4
15826.jpg,7
15827.jpg,8
15828.jpg,6
15829.jpg,7
15830.jpg,3
15832.jpg,3
15834.jpg,7
15835.jpg,6
15837.jpg,2
15838.jpg,4
15840.jpg,8
15841.jpg,4
15842.jpg,4
15843.jpg,4
15844.jpg,4
15845.jpg,4
15847.jpg,4
15848.jpg,4
15849.jpg,4
15850.jpg,4
15852.jpg,4
15853.jpg,4
15854.jpg,3
15855.jpg,4
15856.jpg,4
15858.jpg,4
15860.jpg,3
15861.jpg,4
15862.jpg,4
15863.jpg,3
15864.jpg,2
15865.jpg,6
15866.jpg,4
15867.jpg,3
15868.jpg,5
15871.jpg,5
15873.jpg,6
15874.jpg,3
15875.jpg,2
15876.jpg,6
15877.jpg,9
15879.jpg,5
15880.jpg,8
15881.jpg,7
15882.jpg,3
15883.jpg,3
15884.jpg,6
15885.jpg,5
15889.jpg,8
15890.jpg,3
15891.jpg,3
15892.jpg,3
15893.jpg,4
15895.jpg,3
15896.jpg,7
15897.jpg,5
15900.jpg,7
15901.jpg,2
15902.jpg,2
15903.jpg,2
15905.jpg,4
15906.jpg,2
15909.jpg,3
15910.jpg,2
15911.jpg,9
15912.jpg,6
15913.jpg,1
15915.jpg,7
15916.jpg,3
15917.jpg,9
15921.jpg,2
15923.jpg,3
15924.jpg,8
15928.jpg,3
15929.jpg,3
15930.jpg,3
15931.jpg,4
15933.jpg,4
15934.jpg,5
15935.jpg,2
15936.jpg,4
15938.jpg,2
15939.jpg,2
15940.jpg,3
15942.jpg,4
15943.jpg,4
15944.jpg,4
15945.jpg,4
15947.jpg,2
15949.jpg,2
15951.jpg,2
15954.jpg,6
15955.jpg,6
15957.jpg,7
15958.jpg,4
15959.jpg,2
15963.jpg,3
15964.jpg,3
15965.jpg,3
15966.jpg,3
15967.jpg,3
15968.jpg,3
15971.jpg,6
15972.jpg,4
15975.jpg,6
15976.jpg,6
15977.jpg,4
15978.jpg,2
15979.jpg,2
15980.jpg,2
15981.jpg,2
15982.jpg,2
15983.jpg,2
15985.jpg,2
15986.jpg,5
15987.jpg,5
15988.jpg,13
15989.jpg,4
15990.jpg,3
15992.jpg,4
15993.jpg,3
15994.jpg,5
15998.jpg,3
16000.jpg,1
16001.jpg,2
16003.jpg,3
16004.jpg,2
16005.jpg,2
16006.jpg,2
16008.jpg,2
16011.jpg,2
16012.jpg,3
16014.jpg,2
16016.jpg,2
16017.jpg,2
16018.jpg,2
16020.jpg,3
16023.jpg,3
16025.jpg,3
16027.jpg,2
16028.jpg,2
16029.jpg,2
16030.jpg,2
16031.jpg,2
16032.jpg,2
16034.jpg,2
16035.jpg,2
16036.jpg,2
16038.jpg,2
16039.jpg,2
16040.jpg,2
16041.jpg,2
16046.jpg,2
16048.jpg,2
16049.jpg,2
16050.jpg,2
16051.jpg,2
16052.jpg,2
16053.jpg,2
16054.jpg,3
16056.jpg,3
16057.jpg,4
16058.jpg,2
16059.jpg,2
16062.jpg,2
16065.jpg,2
16066.jpg,2
16068.jpg,2
16069.jpg,2
16070.jpg,2
16072.jpg,2
16073.jpg,2
16074.jpg,2
16075.jpg,2
16076.jpg,4
16077.jpg,2
16079.jpg,2
16080.jpg,2
16081.jpg,2
16083.jpg,2
16085.jpg,2
16086.jpg,2
16087.jpg,2
16088.jpg,2
16089.jpg,2
16091.jpg,2
16093.jpg,2
16096.jpg,2
16097.jpg,2
16099.jpg,2
16100.jpg,2
16101.jpg,3
16102.jpg,2
16105.jpg,3
16106.jpg,2
16108.jpg,2
16110.jpg,2
16111.jpg,2
16113.jpg,2
16114.jpg,2
16116.jpg,3
16117.jpg,3
16120.jpg,3
16122.jpg,2
16124.jpg,4
16125.jpg,2
16126.jpg,2
16128.jpg,2
16130.jpg,2
16131.jpg,2
16132.jpg,2
16133.jpg,2
16134.jpg,2
16135.jpg,2
16136.jpg,2
16137.jpg,2
16138.jpg,2
16139.jpg,2
16141.jpg,2
16142.jpg,2
16144.jpg,2
16145.jpg,2
16146.jpg,2
16148.jpg,2
16149.jpg,2
16150.jpg,2
16151.jpg,2
16152.jpg,2
16156.jpg,2
16158.jpg,3
16159.jpg,2
16160.jpg,2
16161.jpg,2
16162.jpg,2
16163.jpg,4
16164.jpg,2
16165.jpg,1
16167.jpg,2
16168.jpg,2
16169.jpg,2
16171.jpg,5
16172.jpg,2
16173.jpg,2
16175.jpg,2
16176.jpg,2
16177.jpg,3
16178.jpg,4
16179.jpg,4
16180.jpg,3
16182.jpg,4
16183.jpg,2
16184.jpg,2
16185.jpg,2
16186.jpg,2
16187.jpg,3
16189.jpg,2
16190.jpg,3
16191.jpg,2
16192.jpg,3
16193.jpg,3
16194.jpg,4
16195.jpg,3
16196.jpg,2
16197.jpg,2
16198.jpg,3
16199.jpg,3
16200.jpg,2
16202.jpg,3
16203.jpg,2
16204.jpg,3
16209.jpg,7
16210.jpg,6
16211.jpg,5
16212.jpg,7
16213.jpg,7
16214.jpg,7
16215.jpg,7
16216.jpg,7
16217.jpg,7
16218.jpg,7
16219.jpg,7
16221.jpg,7
16222.jpg,5
16223.jpg,7
16227.jpg,2
16229.jpg,4
16231.jpg,4
16234.jpg,8
16235.jpg,7
16237.jpg,4
16238.jpg,6
16239.jpg,7
16240.jpg,3
16241.jpg,3
16242.jpg,3
16243.jpg,3
16244.jpg,4
16247.jpg,3
16250.jpg,5
16251.jpg,2
16252.jpg,6
16253.jpg,4
16254.jpg,3
16255.jpg,3
16258.jpg,3
16259.jpg,5
16260.jpg,2
16261.jpg,4
16262.jpg,1
16263.jpg,8
16264.jpg,2
16268.jpg,4
16270.jpg,7
16272.jpg,9
16274.jpg,9
16275.jpg,3
16277.jpg,5
16280.jpg,4
16281.jpg,6
16282.jpg,2
16283.jpg,3
16285.jpg,10
16286.jpg,7
16288.jpg,2
16289.jpg,3
16291.jpg,11
16292.jpg,4
16293.jpg,4
16294.jpg,3
16295.jpg,1
16296.jpg,2
16301.jpg,3
16305.jpg,3
16306.jpg,3
16309.jpg,9
16310.jpg,4
16311.jpg,4
16312.jpg,3
16314.jpg,5
16315.jpg,4
16318.jpg,3
16319.jpg,4
16320.jpg,3
16321.jpg,3
16322.jpg,5
16323.jpg,3
16324.jpg,4
16326.jpg,5
16327.jpg,5
16328.jpg,5
16330.jpg,4
16332.jpg,3
16333.jpg,4
16334.jpg,4
16335.jpg,4
16337.jpg,4
16338.jpg,4
16339.jpg,4
16341.jpg,5
16342.jpg,5
16343.jpg,5
16346.jpg,4
16347.jpg,4
16348.jpg,4
16351.jpg,4
16353.jpg,5
16354.jpg,4
16355.jpg,2
16356.jpg,2
16357.jpg,2
16358.jpg,6
16359.jpg,4
16360.jpg,3
16361.jpg,3
16362.jpg,3
16364.jpg,3
16365.jpg,3
16366.jpg,10
16369.jpg,6
16372.jpg,2
16373.jpg,3
16374.jpg,4
16376.jpg,2
16377.jpg,4
16379.jpg,5
16380.jpg,4
16381.jpg,2
16383.jpg,2
16385.jpg,10
16387.jpg,5
16389.jpg,4
16390.jpg,5
16391.jpg,6
16393.jpg,5
16394.jpg,2
16395.jpg,4
16397.jpg,4
16398.jpg,4
16400.jpg,2
16402.jpg,2
16403.jpg,5
16404.jpg,3
16405.jpg,3
16406.jpg,4
16407.jpg,2
16408.jpg,3
16410.jpg,4
16411.jpg,4
16413.jpg,6
16414.jpg,3
16416.jpg,18
16417.jpg,18
16418.jpg,18
16420.jpg,2
16423.jpg,3
16425.jpg,4
16427.jpg,3
16428.jpg,6
16429.jpg,4
16431.jpg,2
16434.jpg,6
16435.jpg,4
16436.jpg,3
16437.jpg,3
16439.jpg,3
16440.jpg,3
16441.jpg,3
16443.jpg,6
16445.jpg,4
16446.jpg,4
16447.jpg,4
16448.jpg,6
16450.jpg,6
16451.jpg,5
16452.jpg,5
16453.jpg,7
16454.jpg,3
16455.jpg,3
16460.jpg,6
16461.jpg,6
16463.jpg,5
16464.jpg,6
16465.jpg,18
16467.jpg,8
16469.jpg,15
16470.jpg,2
16473.jpg,5
16474.jpg,7
16475.jpg,6
16476.jpg,6
16477.jpg,3
16478.jpg,4
16483.jpg,2
16484.jpg,9
16487.jpg,2
16488.jpg,8
16489.jpg,2
16491.jpg,2
16492.jpg,2
16493.jpg,2
16494.jpg,4
16495.jpg,13
16497.jpg,8
16498.jpg,4
16499.jpg,13
16500.jpg,3
16501.jpg,7
16502.jpg,7
16504.jpg,5
16505.jpg,5
16509.jpg,10
16510.jpg,3
16512.jpg,4
16513.jpg,3
16516.jpg,9
16517.jpg,2
16518.jpg,5
16520.jpg,3
16521.jpg,11
16522.jpg,11
16526.jpg,7
16527.jpg,4
16528.jpg,4
16530.jpg,4
16531.jpg,4
16532.jpg,4
16534.jpg,2
16535.jpg,2
16536.jpg,5
16538.jpg,3
16539.jpg,3
16540.jpg,5
16542.jpg,6
16543.jpg,3
16544.jpg,2
16545.jpg,6
16546.jpg,4
16547.jpg,4
16548.jpg,3
16549.jpg,4
16551.jpg,4
16553.jpg,6
16554.jpg,2
16555.jpg,2
16556.jpg,3
16560.jpg,4
16561.jpg,12
16562.jpg,5
16563.jpg,8
16564.jpg,4
16567.jpg,2
16569.jpg,5
16570.jpg,3
16571.jpg,3
16572.jpg,7
16573.jpg,5
16574.jpg,3
16575.jpg,3
16576.jpg,3
16577.jpg,3
16578.jpg,4
16579.jpg,2
16582.jpg,2
16583.jpg,2
16587.jpg,3
16589.jpg,3
16590.jpg,3
16592.jpg,3
16593.jpg,3
16595.jpg,2
16596.jpg,2
16598.jpg,3
16599.jpg,3
16600.jpg,3
16601.jpg,3
16602.jpg,3
16606.jpg,3
16607.jpg,2
16608.jpg,2
16609.jpg,3
16612.jpg,2
16614.jpg,1
16617.jpg,1
16618.jpg,2
16619.jpg,5
16620.jpg,3
16622.jpg,4
16623.jpg,14
16628.jpg,5
16629.jpg,4
16631.jpg,3
16635.jpg,5
16638.jpg,2
16639.jpg,3
16641.jpg,2
16643.jpg,2
16644.jpg,2
16645.jpg,2
16646.jpg,3
16648.jpg,3
16650.jpg,3
16651.jpg,3
16652.jpg,3
16653.jpg,4
16654.jpg,7
16655.jpg,4
16658.jpg,2
16662.jpg,3
16663.jpg,1
16665.jpg,4
16666.jpg,4
16667.jpg,10
16668.jpg,1
16669.jpg,14
16670.jpg,3
16671.jpg,7
16674.jpg,6
16675.jpg,4
16676.jpg,5
16677.jpg,3
16678.jpg,6
16679.jpg,3
16681.jpg,8
16683.jpg,4
16685.jpg,6
16686.jpg,4
16687.jpg,3
16688.jpg,4
16689.jpg,3
16690.jpg,5
16691.jpg,3
16692.jpg,4
16693.jpg,4
16694.jpg,4
16695.jpg,12
16696.jpg,6
16698.jpg,5
16699.jpg,4
16701.jpg,7
16702.jpg,6
16703.jpg,4
16704.jpg,10
16705.jpg,15
16706.jpg,2
16707.jpg,2
16708.jpg,4
16709.jpg,3
16710.jpg,2
16711.jpg,2
16712.jpg,2
16713.jpg,1
16714.jpg,5
16716.jpg,3
16717.jpg,4
16718.jpg,13
16720.jpg,2
16721.jpg,2
16722.jpg,5
16724.jpg,9
16725.jpg,9
16726.jpg,3
16729.jpg,7
16730.jpg,4
16731.jpg,3
16733.jpg,3
16734.jpg,3
16736.jpg,3
16737.jpg,2
16738.jpg,6
16740.jpg,4
16741.jpg,3
16742.jpg,5
16743.jpg,6
16744.jpg,2
16745.jpg,4
16746.jpg,3
16747.jpg,4
16748.jpg,2
16750.jpg,3
16753.jpg,13
16754.jpg,8
16755.jpg,6
16756.jpg,3
16757.jpg,3
16758.jpg,7
16760.jpg,2
16761.jpg,5
16762.jpg,5
16764.jpg,3
16767.jpg,8
16768.jpg,4
16769.jpg,10
16770.jpg,4
16772.jpg,5
16773.jpg,5
16774.jpg,5
16775.jpg,5
16776.jpg,5
16778.jpg,5
16780.jpg,3
16781.jpg,3
16782.jpg,3
16783.jpg,3
16784.jpg,3
16785.jpg,4
16790.jpg,5
16792.jpg,2
16793.jpg,4
16794.jpg,4
16796.jpg,5
16797.jpg,6
16800.jpg,6
16801.jpg,3
16803.jpg,5
16804.jpg,2
16805.jpg,3
16809.jpg,3
16810.jpg,2
16812.jpg,2
16813.jpg,2
16814.jpg,2
16816.jpg,3
16818.jpg,2
16821.jpg,3
16826.jpg,2
16827.jpg,4
16829.jpg,5
16834.jpg,3
16835.jpg,2
16836.jpg,2
16837.jpg,3
16838.jpg,5
16839.jpg,5
16840.jpg,3
16842.jpg,3
16843.jpg,2
16844.jpg,3
16845.jpg,9
16846.jpg,6
16849.jpg,7
16852.jpg,5
16853.jpg,4
16854.jpg,4
16855.jpg,4
16856.jpg,4
16857.jpg,11
16860.jpg,6
16861.jpg,2
16864.jpg,5
16865.jpg,4
16866.jpg,5
16868.jpg,3
16869.jpg,2
16870.jpg,2
16871.jpg,4
16873.jpg,5
16875.jpg,5
16876.jpg,5
16877.jpg,5
16878.jpg,5
16879.jpg,5
16880.jpg,4
16882.jpg,5
16883.jpg,5
16885.jpg,3
16886.jpg,4
16890.jpg,3
16892.jpg,2
16893.jpg,3
16894.jpg,3
16895.jpg,5
16897.jpg,3
16900.jpg,3
16901.jpg,4
16906.jpg,4
16907.jpg,3
16908.jpg,2
16909.jpg,1
16911.jpg,2
16915.jpg,3
16916.jpg,2
16917.jpg,2
16919.jpg,7
16920.jpg,2
16921.jpg,3
16924.jpg,2
16925.jpg,2
16929.jpg,2
16930.jpg,4
16931.jpg,3
16932.jpg,7
16934.jpg,7
16935.jpg,7
16936.jpg,7
16937.jpg,3
16938.jpg,3
16939.jpg,3
16940.jpg,3
16941.jpg,2
16942.jpg,7
16945.jpg,6
16946.jpg,6
16947.jpg,12
16948.jpg,2
16951.jpg,9
16952.jpg,5
16953.jpg,6
16954.jpg,6
16955.jpg,5
16956.jpg,3
16959.jpg,2
16960.jpg,3
16961.jpg,10
16963.jpg,2
16964.jpg,2
16965.jpg,2
16966.jpg,2
16967.jpg,2
16970.jpg,6
16972.jpg,5
16973.jpg,4
16974.jpg,4
16975.jpg,6
16977.jpg,4
16979.jpg,2
16980.jpg,2
16981.jpg,2
16983.jpg,2
16985.jpg,2
16986.jpg,7
16987.jpg,9
16988.jpg,9
16989.jpg,3
16990.jpg,2
16992.jpg,2
16994.jpg,2
16995.jpg,2
16997.jpg,2
16998.jpg,5
16999.jpg,3
17000.jpg,1
17001.jpg,3
17003.jpg,2
17004.jpg,2
17005.jpg,5
17006.jpg,5
17007.jpg,3
17009.jpg,5
17010.jpg,2
17011.jpg,2
17012.jpg,4
17013.jpg,6
17015.jpg,3
17016.jpg,2
17017.jpg,5
17020.jpg,3
17021.jpg,4
17022.jpg,8
17023.jpg,2
17025.jpg,2
17026.jpg,2
17027.jpg,4
17028.jpg,5
17031.jpg,3
17033.jpg,3
17034.jpg,3
17035.jpg,2
17036.jpg,2
17037.jpg,7
17038.jpg,4
17040.jpg,3
17041.jpg,5
17042.jpg,5
17043.jpg,5
17044.jpg,3
17045.jpg,2
17046.jpg,11
17047.jpg,4
17048.jpg,5
17049.jpg,3
17050.jpg,2
17051.jpg,3
17053.jpg,9
17055.jpg,2
17057.jpg,6
17059.jpg,6
17060.jpg,2
17061.jpg,2
17062.jpg,1
17063.jpg,2
17065.jpg,2
17068.jpg,2
17069.jpg,3
17070.jpg,3
17072.jpg,4
17073.jpg,3
17074.jpg,6
17076.jpg,2
17078.jpg,3
17080.jpg,3
17081.jpg,9
17084.jpg,9
17086.jpg,9
17087.jpg,5
17088.jpg,4
17090.jpg,3
17091.jpg,3
17092.jpg,8
17093.jpg,7
17094.jpg,12
17097.jpg,2
17099.jpg,2
17100.jpg,2
17104.jpg,2
17105.jpg,2
17107.jpg,2
17111.jpg,8
17112.jpg,6
17114.jpg,2
17115.jpg,3
17117.jpg,3
17118.jpg,3
17119.jpg,2
17121.jpg,3
17122.jpg,3
17124.jpg,4
17125.jpg,4
17126.jpg,5
17128.jpg,4
17129.jpg,5
17130.jpg,2
17131.jpg,4
17134.jpg,4
17137.jpg,7
17138.jpg,2
17139.jpg,3
17140.jpg,5
17141.jpg,5
17142.jpg,5
17143.jpg,5
17144.jpg,5
17147.jpg,3
17148.jpg,2
17149.jpg,3
17150.jpg,6
17151.jpg,3
17152.jpg,4
17153.jpg,2
17154.jpg,3
17155.jpg,5
17156.jpg,4
17157.jpg,3
17158.jpg,3
17159.jpg,3
17161.jpg,2
17162.jpg,3
17163.jpg,4
17165.jpg,4
17166.jpg,4
17167.jpg,4
17168.jpg,3
17171.jpg,4
17173.jpg,4
17174.jpg,3
17176.jpg,2
17177.jpg,2
17178.jpg,3
17179.jpg,7
17181.jpg,2
17182.jpg,3
17183.jpg,6
17185.jpg,4
17186.jpg,3
17187.jpg,5
17188.jpg,3
17189.jpg,3
17190.jpg,3
17191.jpg,3
17195.jpg,3
17196.jpg,5
17197.jpg,5
17198.jpg,3
17199.jpg,4
17202.jpg,4
17204.jpg,4
17206.jpg,4
17207.jpg,4
17208.jpg,5
17210.jpg,2
17211.jpg,3
17213.jpg,2
17215.jpg,2
17217.jpg,2
17220.jpg,5
17221.jpg,5
17222.jpg,4
17223.jpg,3
17224.jpg,5
17226.jpg,2
17227.jpg,4
17228.jpg,3
17229.jpg,3
17230.jpg,3
17231.jpg,6
17232.jpg,3
17233.jpg,2
17234.jpg,3
17235.jpg,5
17236.jpg,2
17238.jpg,3
17239.jpg,2
17240.jpg,3
17241.jpg,6
17242.jpg,6
17243.jpg,6
17244.jpg,3
17247.jpg,3
17248.jpg,4
17249.jpg,3
17250.jpg,3
17251.jpg,5
17253.jpg,6
17254.jpg,6
17255.jpg,3
17256.jpg,3
17257.jpg,3
17258.jpg,3
17259.jpg,3
17261.jpg,3
17262.jpg,6
17263.jpg,2
17264.jpg,3
17265.jpg,2
17268.jpg,3
17269.jpg,5
17270.jpg,4
17271.jpg,5
17272.jpg,5
17273.jpg,2
17279.jpg,3
17280.jpg,5
17281.jpg,3
17282.jpg,3
17283.jpg,5
17284.jpg,5
17285.jpg,3
17286.jpg,7
17288.jpg,2
17289.jpg,6
17290.jpg,3
17291.jpg,4
17294.jpg,3
17295.jpg,3
17296.jpg,3
17297.jpg,3
17299.jpg,3
17301.jpg,3
17302.jpg,9
17304.jpg,6
17305.jpg,6
17306.jpg,7
17307.jpg,8
17308.jpg,8
17309.jpg,9
17310.jpg,3
17311.jpg,6
17312.jpg,6
17313.jpg,6
17314.jpg,6
17316.jpg,2
17317.jpg,4
17319.jpg,3
17322.jpg,3
17323.jpg,4
17324.jpg,3
17325.jpg,4
17326.jpg,5
17327.jpg,2
17328.jpg,4
17329.jpg,3
17330.jpg,4
17331.jpg,4
17332.jpg,4
17333.jpg,5
17334.jpg,4
17336.jpg,5
17337.jpg,5
17338.jpg,4
17339.jpg,7
17340.jpg,7
17341.jpg,7
17342.jpg,7
17344.jpg,7
17345.jpg,5
17346.jpg,8
17348.jpg,3
17349.jpg,4
17351.jpg,7
17353.jpg,3
17354.jpg,3
17355.jpg,3
17356.jpg,3
17357.jpg,2
17359.jpg,4
17361.jpg,4
17362.jpg,4
17363.jpg,4
17364.jpg,3
17366.jpg,8
17368.jpg,2
17370.jpg,4
17371.jpg,5
17372.jpg,5
17374.jpg,5
17375.jpg,5
17377.jpg,4
17378.jpg,5
17380.jpg,8
17381.jpg,3
17382.jpg,4
17383.jpg,4
17385.jpg,8
17386.jpg,5
17387.jpg,5
17389.jpg,3
17393.jpg,4
17395.jpg,3
17396.jpg,6
17397.jpg,4
17398.jpg,5
17399.jpg,3
17400.jpg,4
17401.jpg,5
17402.jpg,3
17403.jpg,4
17404.jpg,4
17405.jpg,4
17406.jpg,5
17407.jpg,3
17408.jpg,6
17409.jpg,5
17411.jpg,5
17413.jpg,10
17414.jpg,6
17415.jpg,2
17416.jpg,3
17417.jpg,3
17418.jpg,2
17421.jpg,3
17422.jpg,3
17423.jpg,3
17424.jpg,4
17426.jpg,4
17427.jpg,4
17428.jpg,3
17429.jpg,3
17430.jpg,4
17431.jpg,2
17433.jpg,5
17434.jpg,2
17436.jpg,8
17437.jpg,3
17438.jpg,5
17439.jpg,2
17440.jpg,4
17441.jpg,6
17442.jpg,6
17444.jpg,4
17446.jpg,2
17449.jpg,4
17451.jpg,6
17453.jpg,5
17455.jpg,5
17456.jpg,4
17457.jpg,3
17459.jpg,6
17463.jpg,4
17464.jpg,5
17465.jpg,3
17466.jpg,4
17470.jpg,2
17471.jpg,2
17472.jpg,4
17473.jpg,4
17474.jpg,3
17475.jpg,3
17476.jpg,3
17477.jpg,3
17478.jpg,3
17479.jpg,6
17480.jpg,3
17481.jpg,3
17482.jpg,3
17483.jpg,3
17484.jpg,3
17485.jpg,3
17486.jpg,2
17487.jpg,3
17488.jpg,4
17489.jpg,3
17490.jpg,4
17491.jpg,3
17495.jpg,3
17496.jpg,3
17497.jpg,3
17499.jpg,3
17501.jpg,1
17502.jpg,2
17503.jpg,7
17505.jpg,4
17506.jpg,3
17507.jpg,7
17511.jpg,5
17512.jpg,5
17513.jpg,5
17514.jpg,3
17515.jpg,4
17517.jpg,3
17518.jpg,4
17519.jpg,3
17520.jpg,3
17521.jpg,3
17522.jpg,4
17523.jpg,3
17524.jpg,2
17525.jpg,3
17527.jpg,4
17528.jpg,3
17529.jpg,4
17530.jpg,4
17531.jpg,4
17532.jpg,3
17533.jpg,4
17534.jpg,4
17537.jpg,4
17539.jpg,4
17540.jpg,4
17541.jpg,3
17544.jpg,3
17546.jpg,4
17547.jpg,4
17548.jpg,4
17549.jpg,4
17550.jpg,5
17551.jpg,5
17552.jpg,3
17553.jpg,6
17554.jpg,3
17555.jpg,5
17556.jpg,5
17557.jpg,3
17558.jpg,3
17559.jpg,3
17562.jpg,4
17563.jpg,5
17564.jpg,7
17565.jpg,6
17567.jpg,3
17568.jpg,3
17569.jpg,5
17570.jpg,6
17571.jpg,5
17572.jpg,4
17575.jpg,4
17576.jpg,9
17579.jpg,9
17580.jpg,7
17581.jpg,3
17582.jpg,3
17583.jpg,3
17584.jpg,6
17586.jpg,10
17587.jpg,12
17590.jpg,4
17593.jpg,3
17594.jpg,4
17595.jpg,4
17596.jpg,9
17597.jpg,4
17598.jpg,3
17600.jpg,6
17601.jpg,4
17603.jpg,5
17604.jpg,1
17605.jpg,3
17606.jpg,6
17607.jpg,2
17608.jpg,2
17609.jpg,6
17610.jpg,4
17611.jpg,3
17612.jpg,8
17613.jpg,3
17616.jpg,3
17617.jpg,3
17618.jpg,3
17619.jpg,3
17620.jpg,3
17621.jpg,3
17622.jpg,3
17623.jpg,3
17627.jpg,3
17628.jpg,3
17629.jpg,3
17631.jpg,3
17632.jpg,3
17634.jpg,3
17635.jpg,3
17636.jpg,3
17637.jpg,3
17638.jpg,3
17639.jpg,3
17640.jpg,3
17641.jpg,3
17643.jpg,3
17644.jpg,3
17645.jpg,3
17646.jpg,6
17647.jpg,4
17649.jpg,4
17651.jpg,3
17652.jpg,5
17655.jpg,7
17658.jpg,4
17659.jpg,3
17660.jpg,3
17661.jpg,3
17662.jpg,3
17664.jpg,3
17666.jpg,3
17668.jpg,3
17669.jpg,3
17670.jpg,3
17672.jpg,3
17673.jpg,3
17677.jpg,3
17679.jpg,3
17680.jpg,3
17682.jpg,3
17683.jpg,3
17684.jpg,3
17685.jpg,3
17686.jpg,3
17689.jpg,3
17691.jpg,3
17692.jpg,3
17695.jpg,3
17698.jpg,3
17700.jpg,3
17702.jpg,5
17703.jpg,3
17704.jpg,3
17707.jpg,3
17708.jpg,3
17710.jpg,3
17711.jpg,3
17712.jpg,14
17714.jpg,5
17717.jpg,4
17719.jpg,4
17720.jpg,4
17721.jpg,4
17722.jpg,4
17723.jpg,9
17724.jpg,4
17726.jpg,4
17727.jpg,4
17728.jpg,5
17729.jpg,2
17731.jpg,5
17732.jpg,4
17734.jpg,3
17735.jpg,3
17737.jpg,4
17738.jpg,7
17739.jpg,6
17740.jpg,8
17741.jpg,5
17742.jpg,2
17743.jpg,2
17745.jpg,3
17746.jpg,2
17748.jpg,20
17749.jpg,3
17750.jpg,4
17752.jpg,3
17753.jpg,2
17754.jpg,4
17756.jpg,8
17757.jpg,4
17758.jpg,3
17759.jpg,4
17761.jpg,5
17762.jpg,3
17763.jpg,3
17764.jpg,7
17766.jpg,3
17767.jpg,4
17769.jpg,3
17770.jpg,3
17774.jpg,4
17776.jpg,2
17777.jpg,2
17779.jpg,4
17781.jpg,2
17784.jpg,2
17786.jpg,2
17787.jpg,2
17788.jpg,2
17789.jpg,2
17792.jpg,3
17793.jpg,3
17794.jpg,4
17795.jpg,4
17796.jpg,3
17798.jpg,2
17799.jpg,4
17800.jpg,4
17802.jpg,3
17804.jpg,2
17806.jpg,4
17807.jpg,2
17808.jpg,2
17809.jpg,4
17811.jpg,2
17812.jpg,2
17814.jpg,2
17815.jpg,2
17816.jpg,2
17817.jpg,2
17818.jpg,2
17819.jpg,2
17820.jpg,2
17822.jpg,3
17826.jpg,3
17828.jpg,2
17829.jpg,2
17831.jpg,2
17832.jpg,2
17833.jpg,2
17834.jpg,2
17836.jpg,5
17837.jpg,3
17838.jpg,4
17841.jpg,2
17842.jpg,3
17843.jpg,3
17844.jpg,6
17845.jpg,2
17851.jpg,4
17852.jpg,3
17853.jpg,11
17854.jpg,4
17857.jpg,2
17858.jpg,5
17859.jpg,3
17862.jpg,5
17863.jpg,4
17864.jpg,4
17865.jpg,7
17866.jpg,4
17867.jpg,4
17868.jpg,4
17869.jpg,5
17871.jpg,3
17872.jpg,2
17873.jpg,3
17875.jpg,5
17876.jpg,2
17878.jpg,5
17879.jpg,6
17880.jpg,3
17881.jpg,3
17882.jpg,5
17883.jpg,7
17885.jpg,3
17886.jpg,3
17887.jpg,7
17888.jpg,5
17889.jpg,3
17890.jpg,13
17894.jpg,1
17895.jpg,5
17896.jpg,5
17897.jpg,5
17899.jpg,5
17900.jpg,2
17902.jpg,2
17903.jpg,2
17906.jpg,2
17907.jpg,9
17908.jpg,3
17909.jpg,4
17913.jpg,6
17914.jpg,3
17916.jpg,7
17918.jpg,3
17920.jpg,1
17921.jpg,1
17922.jpg,5
17924.jpg,5
17926.jpg,3
17927.jpg,2
17928.jpg,2
17929.jpg,4
17930.jpg,10
17931.jpg,6
17932.jpg,5
17936.jpg,4
17937.jpg,2
17938.jpg,3
17939.jpg,2
17940.jpg,4
17941.jpg,4
17943.jpg,3
17946.jpg,3
17947.jpg,3
17948.jpg,4
17949.jpg,2
17950.jpg,3
17951.jpg,3
17954.jpg,3
17956.jpg,3
17957.jpg,1
17958.jpg,1
17959.jpg,1
17961.jpg,4
17963.jpg,4
17964.jpg,2
17965.jpg,4
17966.jpg,6
17967.jpg,3
17970.jpg,3
17971.jpg,2
17972.jpg,3
17973.jpg,5
17974.jpg,2
17975.jpg,6
17976.jpg,5
17977.jpg,5
17978.jpg,4
17980.jpg,3
17983.jpg,3
17984.jpg,2
17985.jpg,2
17988.jpg,2
17989.jpg,2
17990.jpg,2
17993.jpg,2
17995.jpg,2
17996.jpg,2
17997.jpg,2
17999.jpg,2
18000.jpg,2
18001.jpg,3
18006.jpg,2
18007.jpg,3
18008.jpg,2
18009.jpg,3
18010.jpg,3
18011.jpg,4
18012.jpg,4
18015.jpg,3
18016.jpg,3
18018.jpg,2
18020.jpg,1
18021.jpg,4
18023.jpg,4
18024.jpg,5
18025.jpg,5
18027.jpg,6
18028.jpg,4
18029.jpg,5
18032.jpg,3
18033.jpg,3
18035.jpg,5
18036.jpg,4
18037.jpg,3
18040.jpg,4
18041.jpg,3
18042.jpg,3
18043.jpg,3
18044.jpg,3
18045.jpg,3
18047.jpg,5
18049.jpg,3
18050.jpg,6
18051.jpg,4
18052.jpg,2
18054.jpg,2
18055.jpg,2
18056.jpg,5
18058.jpg,3
18059.jpg,3
18060.jpg,5
18063.jpg,5
18064.jpg,2
18065.jpg,6
18068.jpg,3
18069.jpg,4
18071.jpg,4
18072.jpg,4
18075.jpg,6
18076.jpg,3
18077.jpg,2
18078.jpg,2
18079.jpg,2
18081.jpg,3
18082.jpg,3
18083.jpg,5
18084.jpg,4
18085.jpg,5
18086.jpg,6
18087.jpg,6
18088.jpg,6
18089.jpg,6
18090.jpg,6
18091.jpg,6
18092.jpg,6
18093.jpg,6
18094.jpg,6
18095.jpg,4
18096.jpg,6
18097.jpg,6
18098.jpg,4
18099.jpg,5
18100.jpg,5
18103.jpg,5
18105.jpg,5
18107.jpg,6
18109.jpg,6
18110.jpg,6
18111.jpg,4
18112.jpg,6
18113.jpg,4
18115.jpg,2
18116.jpg,2
18119.jpg,2
18120.jpg,3
18121.jpg,3
18123.jpg,3
18124.jpg,3
18125.jpg,5
18127.jpg,3
18128.jpg,6
18129.jpg,5
18130.jpg,5
18131.jpg,5
18132.jpg,6
18133.jpg,4
18134.jpg,6
18136.jpg,5
18137.jpg,4
18139.jpg,4
18142.jpg,3
18143.jpg,3
18144.jpg,3
18145.jpg,5
18146.jpg,6
18147.jpg,4
18150.jpg,3
18153.jpg,2
18154.jpg,2
18155.jpg,4
18156.jpg,5
18159.jpg,3
18164.jpg,5
18165.jpg,3
18166.jpg,4
18167.jpg,1
18168.jpg,3
18169.jpg,3
18170.jpg,6
18173.jpg,3
18174.jpg,3
18175.jpg,3
18176.jpg,3
18177.jpg,3
18178.jpg,3
18180.jpg,6
18183.jpg,3
18185.jpg,3
18187.jpg,3
18188.jpg,4
18189.jpg,3
18190.jpg,4
18191.jpg,4
18192.jpg,8
18194.jpg,3
18195.jpg,2
18196.jpg,2
18200.jpg,4
18201.jpg,2
18203.jpg,3
18204.jpg,5
18205.jpg,8
18207.jpg,4
